ID_Review,aspect,original_label,v3_label,original_reason,v3_reason,Text_Review
149,Kenyamanan,netral,none,bangunan hotel merupakan bangunan tua namun memiliki perawatan yang baik sehingga,,hotel ini memiliki lokasi yang bagus. ada supermarket di seberang hotel dan ada banyak jajanan pinggir jalan di dekat hotel. bangunan hotel merupakan bangunan tua namun memiliki perawatan yang baik sehingga bangunan hotel masih bagus dan bersih.
750,Kenyamanan,none,negatif,,"minus hairdryer aja, dan tidak ada dispenser air, exhaust fan kamarmandi tidak terasa sirkulasinya, bantal kempes, cahaya kurang terang.","perdana stay, pasca drop off di lobby, effortnya susah cari parkir, untungnya ada akses dari dalam mall ke dalam hotel. request connecting room, hanya dapat 1 aksesdoor masing², jadi repot kalau mau naik lantai izin staf bantu tap lift. minus hairdryer aja, dan tidak ada dispenser air, exhaust fan kamarmandi tidak terasa sirkulasinya, bantal kempes, cahaya kurang terang. plusnya ada hiburan smarttv dan wi-fi superngebut. breakfastnya b aja, wafflenya rasa adonan pukis, dan roti tawar terlihat kurang fresh, tapi westernfoodnya lumayan enak. pelayanan staf fo kurang senyum, dan jangan lupa bawa struk parkir untuk stamp free parking."
1184,Kenyamanan,none,positif,,ruangan itu bersih dan nyaman.,ruangan itu bersih dan nyaman. kualitas makannya tidak bagus untuk makan malam tapi cukup bagus untuk sarapan. layanan binatu buruk - setrika perlu ditingkatkan.
1200,Kenyamanan,netral,negatif,"terlalu kecil, aku tidak mendapat pemandangan dari kamarku, menurutku itu kamar yang","santika bogor bagus, kamarnya terlalu polos, tidak ada lukisan, tvnya terlalu kecil, aku tidak mendapat pemandangan dari kamarku, menurutku itu kamar yang terisolasi.","santika bogor bagus, kamarnya terlalu polos, tidak ada lukisan, tvnya terlalu kecil, aku tidak mendapat pemandangan dari kamarku, menurutku itu kamar yang terisolasi. sarapannya baik, orangnya baik tapi terlalu ramai jadi ketika saya minta piring, mereka memberi saya piring kotor dengan saus di dasar piring. tempat parkir sangat ramai, tidak ada ruang untuk tamu karena ini adalah tempat yang sama untuk mal."
1385,Kenyamanan,none,positif,,"hotel bersih dan nyaman, overall baik banget, hanya parkir kendaraan yang kurang baik karena kalau keluar cari2 petugasnya dulu","hotel bersih dan nyaman, overall baik banget, hanya parkir kendaraan yang kurang baik karena kalau keluar cari2 petugasnya dulu"
1754,Kenyamanan,none,positif,,kenyamanan kamar dan kolam renang menjadi nilai jual terbesarnya.,"kenyamanan kamar dan kolam renang menjadi nilai jual terbesarnya. tapi untuk sarapannya terasa agak kurang. butuh lebih banyak protein. dan ya, tidak ada smart televisi juga. tapi saya sangat senang ada tukang cuci mobil yang membersihkan mobil kami setiap pagi. tapi mungkin mereka memerlukan pelatihan? hanya untuk tetap profesional."
2080,Kenyamanan,netral,negatif,hotel tua yang menempati lahan luas dan lokasi yang strategis.,"sarapan alakadarnya, lokasi seputar kolam tidak terawat, air conditioner tidak dingin, kamar mandi bau, kunci hotel sudah jadul, balkoni depan jendela kotor banget, area deket lift d lobi gelap, terkesan kotor.","hotel tua yang menempati lahan luas dan lokasi yang strategis. seharusnya bisa mempertahankan ""keklasikan"" hotel santika yang sudah terkenal. sayangnya tidak bisa menjaga itu. sarapan alakadarnya, lokasi seputar kolam tidak terawat, air conditioner tidak dingin, kamar mandi bau, kunci hotel sudah jadul, balkoni depan jendela kotor banget, area deket lift d lobi gelap, terkesan kotor. semoga segera diperbaiki ya"
2287,Kenyamanan,none,positif,,"sangat menyenangkan dan terjaga privacy, sehingga kami dapat dengan leluasa menikmati fasilitas hotel yang disediakan.","sangat menyenangkan dan terjaga privacy, sehingga kami dapat dengan leluasa menikmati fasilitas hotel yang disediakan."
2293,Kenyamanan,none,positif,,"cek in dan cek out cepat dan mudah, kamar pun luas dan bersih","cek in dan cek out cepat dan mudah, kamar pun luas dan bersih"
2311,Kenyamanan,none,positif,,"kamar yang sangat nyaman, staf yang sangat raman, dan makanan yang lezat untuk dinikmati","kamar yang sangat nyaman, staf yang sangat raman, dan makanan yang lezat untuk dinikmati"
2468,Kenyamanan,none,positif,,kenyamanan untuk keluarga dan kebersihan juga tempatnya strategis,kenyamanan untuk keluarga dan kebersihan juga tempatnya strategis
2558,Kenyamanan,none,positif,,"hotelnya bagus seperti kamarnya luas, lokasi strategis dekat dengan mall, tempat parkir dan rapi, proses check-in cukup cepat.","hotelnya bagus seperti kamarnya luas, lokasi strategis dekat dengan mall, tempat parkir dan rapi, proses check-in cukup cepat."
2860,Kenyamanan,netral,positif,kenyamanan tidur sangat memuaskan dengan bed yang sangat nyaman. yang cukup mengganggu adalah suhu air shower yang sangat tidak stabil,kenyamanan tidur sangat memuaskan dengan bed yang sangat nyaman dan 2 bantal yang nyaman di masing masing bed (twin).,"lokasi di mall dengan banyak pilihan restoran bahkan departemen store. air minum yang disediakan lebih banyak dari standar hotel lain, yaitu 4 botol dengan ukuran sedang. kenyamanan tidur sangat memuaskan dengan bed yang sangat nyaman dan 2 bantal yang nyaman di masing masing bed (twin). kondisi kamar sangat bersih dan fasilitas kamar mandi juga lengkap. yang cukup mengganggu adalah suhu air shower yang sangat tidak stabil, panas dingin bergantian. namun yang paling mengecewakan untuk kami adalah fasilitas wi-fi yang amat sangat lambat, bahkan tidak bisa kami gunakan sama sekali."
3585,Kenyamanan,none,positif,,"bagus, bersih, nyaman.","bagus, bersih, nyaman. top pokoknya"
4662,Kenyamanan,none,positif,,fantastis sekali bersih nyaman lah pkkoknya,fantastis sekali bersih nyaman lah pkkoknya
5383,Kenyamanan,none,positif,,"bagus nyaman sopan, dan ramah, tingkatkan lagu","bagus nyaman sopan, dan ramah, tingkatkan lagu"
5422,Kenyamanan,positif,none,rapih,,"bagus, rapih, bersih deket dengan mall"
5467,Kenyamanan,negatif,none,saluran pembuangan shower lambat,,"kami menginap di kamar 616. saluran pembuangan shower lambat meskipun kotoran/rambut sudah dibersihkan oleh staf hotel. lokasi hotel cukup bagus, memiliki akses langsung ke pusat perbelanjaan botany square. dan botanic. "
5488,Kenyamanan,netral,positif,hotel aga tua tapi tetep nyaman. di kamar berisik sekali bunyi mesin,"baik untuk frontliner, service dari team di resto, kamar lega dingin amenities baik, hotel aga tua tapi tetep nyaman overall hanya dari interior design ada mark atau kerusakan sedikit2 saja tapi tidak mempengaruhi kenyamanan.","baik untuk frontliner, service dari team di resto, kamar lega dingin amenities baik, hotel aga tua tapi tetep nyaman overall hanya dari interior design ada mark atau kerusakan sedikit2 saja tapi tidak mempengaruhi kenyamanan. cuma yang sangat kurang adalah saya menginap di kamar 305, kenyamanan saat tidur sangat kurang karena di kamar berisik sekali bunyi mesin gitu entah dari air conditioner atau apa didalam kamar dan membuat tidur tidak nyenyak dan itu terjadi di malam hari. sudah disampaikan ke frontliner tapi tidak ada tanggapan lebih lanjut hanya memastikan ""tapi dingin kan bu"". yaudah itu aja. "
5984,Kenyamanan,none,positif,,"nyaman, lokasi strategis, receptionist nya ramah banget","nyaman, lokasi strategis, receptionist nya ramah banget"
6468,Kenyamanan,positif,none,terpelihara dengan baik,,"old fashioned hotel tapi terpelihara dengan baik. lokasi yang strategis, di samping mal bip dan hanya berjarak ratusan meter ke taman lalu lintas."
6487,Kenyamanan,none,positif,,"lokasi strategis, sangat bersih dan nyaman.","lokasi strategis, sangat bersih dan nyaman. pelayanan ramah dan cepat. breakfast enak dan banyak menunya. saya puas."
7120,Kenyamanan,netral,positif,"ramah, nyaman","ramah, nyaman hanya terlalu bebas untuk smoking: (","ramah, nyaman hanya terlalu bebas untuk smoking: ("
7505,Kenyamanan,none,positif,,"hotelnya sangat bagus, kamarnya sangat memuaskan.","hotelnya sangat bagus, kamarnya sangat memuaskan. apalagi waktu sarapan pagi. menu komplit dan enak-enak banget. pelayanannya juga ramah-ramah dan selalu full senyum maze."
7508,Kenyamanan,none,positif,,"tempatnya strategis, kamar bersih, karyawan staf hotelnya ramah.","tempatnya strategis, kamar bersih, karyawan staf hotelnya ramah. anak anak pengalaman baru ada bioskop film anak anak di sore hari sangat terhibur. liburan yang berkesan."
7633,Kenyamanan,none,positif,,nyaman dan sarapan pagi yang nikmat.,nyaman dan sarapan pagi yang nikmat.
7652,Kenyamanan,none,positif,,"kamar bersih, sarapan baik, dekat dengan mall.","menyenangkan. kamar bersih, sarapan baik, dekat dengan mall."
7854,Kenyamanan,none,positif,,"keesokan harinya saya meminta untuk bersih-bersih, kemudian mereka memberikan perlengkapan mandi yang layak dan kopi sachet.","saat pertama check in perlengkapan mandi tidak ada. bahkan gula pasirnya keras, kami pikir layanan kamar akan datang nanti untuk diisi karena mungkin ini adalah kebijakan hotel. keesokan harinya saya meminta untuk bersih-bersih, kemudian mereka memberikan perlengkapan mandi yang layak dan kopi sachet. tidak ada parkir gratis untuk tamu, tempat parkir terbatas dan mereka menunjukkan mal di dekat taman dan masih tidak ada parkir gratis"
7989,Kenyamanan,none,positif,,"air conditioner dan water heater berfungsi dengan baik, tapi tidak ada hair dryer.","tempat sangat strategis, parkinya mudah, check-in cepat. pelayanan sangat ramah, handuk sprei dan bersih. air conditioner dan water heater berfungsi dengan baik, tapi tidak ada hair dryer."
8022,Kenyamanan,none,positif,,"hari pertama, kedua dan ketiga begitu nyaman.","hari pertama, kedua dan ketiga begitu nyaman. namun, akhirnya kecewa dengan sikap dan tindakan resepsionis pada saat ingin extend, akhirnya saya check-out, kenyamanan sebelumnya di akhiri dengan kekecewaan."
8040,Kenyamanan,none,negatif,,"kamar yang cukup baik untuk tidak kecil, dan varian untuk sarapan sedikit kurang, rasanya cukup.","kamar yang cukup baik untuk tidak kecil, dan varian untuk sarapan sedikit kurang, rasanya cukup. kolam kecil yang tenang tapi stafnya sangat ramah secara keseluruhan hotel ini bagus dan membuat liburan saya hampir sempurna terima kasih santika bogor"
8952,Kenyamanan,none,positif,,"untuk kamar bersih, untuk sarapan the best, banyak pilihan.","menginap satu malam di hotel santika cirebon sangat menyenangkan. untuk kamar bersih, untuk sarapan the best, banyak pilihan."
9298,Kenyamanan,none,positif,,"lokasi strategis, kamar baik, kebersihan baik, pokoknya the best lah","lokasi strategis, kamar baik, kebersihan baik, pokoknya the best lah"
9361,Kenyamanan,none,positif,,"tempatnya cukup strategis, kamar bersih dan rapi.","tempatnya cukup strategis, kamar bersih dan rapi. recommended bagi yang bawa keluarga."
9515,Kenyamanan,none,positif,,"tempat strategis, parkiran luas, kamar bersih.","tempat strategis, parkiran luas, kamar bersih. good"
9696,Kenyamanan,positif,none,saya suka hotel dengan nuansa alami,,saya suka hotel dengan nuansa alami.
10272,Kenyamanan,negatif,none,peralatan sudah kuno,,"bagus, tapi peralatan sudah kuno"
10435,Kenyamanan,none,positif,,"lokasi baik mudah akses ke dmall, tetapi menurut saya kondisi fasilitas hotel (seperti kolam renang, gym) dan kondisi kamar (seperti furniture, luas kamar, dan kebersihan kamar) tidak sesuai dengan harga yang diberikan.","lokasi baik mudah akses ke dmall, tetapi menurut saya kondisi fasilitas hotel (seperti kolam renang, gym) dan kondisi kamar (seperti furniture, luas kamar, dan kebersihan kamar) tidak sesuai dengan harga yang diberikan."
10570,Kenyamanan,positif,none,pemandangan gunung yang indah dari jendela saya,,pemandangan gunung yang indah dari jendela saya. sarapan yang luar biasa. lokasi yang bagus. harga yang pantas
11135,Kenyamanan,positif,none,ruangan yang bersih,,"lokasinya strategis, mudah diakses dengan berbagai alternatif kendaraan dengan staf yang ramah dan ruangan yang bersih."
11468,Kenyamanan,none,positif,,"pelayan baik, kamar baik, makanan baik.","pelayan baik, kamar baik, makanan baik."
11939,Kenyamanan,none,negatif,,cuma view-nya kurang menarik.,"pelayan baik, kebersihan baik banget. cuma view-nya kurang menarik. makanan juga enak kok."
12126,Kenyamanan,positif,none,menyenangkan sesuai kelasnya semua baik banget bersih,,menyenangkan. sesuai kelas nya. semua baik banget. bersih.
12145,Kenyamanan,none,negatif,,cuma pas di kamar saya air conditioner nya kurang dingin padahal temperatur sudah paling kecil.,"puas banget sama pelayanan, kebersihan dan fasilitasnya. cuma pas di kamar saya air conditioner nya kurang dingin padahal temperatur sudah paling kecil. overall baik kok tapi! bakal staycation ke sini lagi next time."
12415,Kenyamanan,netral,positif,air conditioner kurang dingin,"karena sudah cukup malam kami malas komplain dan biarkan saja, syukurlah tambah malam tambah dingin, letak hotel di pusat kota, dekat dengan stasiun, lobby-nya di lantai 5 mega mal giant, pelayanan ramah, security ramah, makanan cukup lah variannya.","hari pertama di hotel ini kesannya cukup enak. kebetulan karena type kamar yang kami pesan habis, kamar kami diupdgrade ke type deluxe. pertama kali masuk kamar memang berasa air conditioner kurang dingin (sesuai ulasan review dari orang-orang). karena sudah cukup malam kami malas komplain dan biarkan saja, syukurlah tambah malam tambah dingin, letak hotel di pusat kota, dekat dengan stasiun, lobby-nya di lantai 5 mega mal giant, pelayanan ramah, security ramah, makanan cukup lah variannya. butuh kebutuhan apa apa tinggal turun ada giant, atm dan lain-lain lengkap. dan akhirnya kita memutuskan extend lagi."
13799,Kenyamanan,positif,positif,,"kamar bersih, kebetulan pesan room untuk hari birthday anak free slice cake.","kamar bersih, kebetulan pesan room untuk hari birthday anak free slice cake. sarapan rasa biasa saja, varian banyak. kamar mandi bersih."
13855,Kenyamanan,positif,positif,,"kamar juga baik, bersih.","lokasi strategis, deket ke beberapa lokasi kuliner jd ongkir gofood/grabfood nya lebih murah. kamar juga baik, bersih."
13940,Kenyamanan,negatif,negatif,,"the room was baik, handuk kurang putih, breakfast just normal and receptionist harusnya bisa lebih banyak kasih info alternatif.","the room was baik, handuk kurang putih, breakfast just normal and receptionist harusnya bisa lebih banyak kasih info alternatif."
14193,Kenyamanan,negatif,negatif,,"pros: lokasi jalan banyak makanan, breakfast baik, kamar roomy dan bersih.","pros: lokasi jalan banyak makanan, breakfast baik, kamar roomy dan bersih. con: koridor lantai 5 kalau malam agak bau."
14199,Kenyamanan,positif,positif,,"makanan lezat, layanan yang baik, kamarnya cukup bersih, dan hotel ini dekat dengan pusat kota.","makanan lezat, layanan yang baik, kamarnya cukup bersih, dan hotel ini dekat dengan pusat kota."
14679,Kenyamanan,positif,none,sangat berkesan untuk tempat istirahat,,"sangat berkesan untuk tempat istirahat, lokasi yang sangat strategis"
14697,Kenyamanan,positif,positif,,"hotel santika tasikmalaya, kami sekeluarga memuaskan, pelayanan kamar, security, makanan, kebersihan dan lokasi dalam kota.","hotel santika tasikmalaya, kami sekeluarga memuaskan, pelayanan kamar, security, makanan, kebersihan dan lokasi dalam kota."
105,Kebersihan,netral,positif,"kebersihan cukup baik, hanya sedikit yang perlu diperhatikan yaitu mengganti seprai tidur yang nampak sudah tua dan ada noda","hotel yang termasuk sudah legendaris ini terletak di pusat kota, mall hanya tinggal melangkah kesebrang, staf yang ramah, kebersihan cukup baik, hanya sedikit yang perlu diperhatikan yaitu mengganti seprai tidur yang nampak sudah tua dan ada noda yang tidak dapat dibersihkan.","hotel yang termasuk sudah legendaris ini terletak di pusat kota, mall hanya tinggal melangkah kesebrang, staf yang ramah, kebersihan cukup baik, hanya sedikit yang perlu diperhatikan yaitu mengganti seprai tidur yang nampak sudah tua dan ada noda yang tidak dapat dibersihkan."
616,Kebersihan,none,positif,,"hotel yang bagus dalam servis, kebersihan dan kenyamanan","hotel yang bagus dalam servis, kebersihan dan kenyamanan"
836,Kebersihan,netral,positif,"kalau meja diluar ruangan sangat kotor, hingga mengingatkan mereka untuk membersihkan","tidak sadar kalau meja diluar ruangan sangat kotor, hingga mengingatkan mereka untuk membersihkan meja dan menjadikannya bersih dan rapi.","lokasi bagus, dalam hal layanan staf, ini bagus dari tim fo dan dilakukan dengan baik. tapi untuk f b service pelayanannya buruk apalagi saat sarapan pagi ini tidak tersenyum dan terkesan tidak ramah. beberapa staf layanan f b tidak mengetahui beberapa item sarapan kosong dan hanya melihat sekeliling sampai saya membawakan item tersebut kepada mereka yang kosong. tidak sadar kalau meja diluar ruangan sangat kotor, hingga mengingatkan mereka untuk membersihkan meja dan menjadikannya bersih dan rapi. ayolah, anda orang yang suka menerima tamu tapi kenapa anda semua hanya melihat sekeliling dan tidak sadar dengan meja kerja anda. mohon manajemen hotel santika meninjau tim layanan f b dan menjadikannya layanan yang tulus. mungkin dalam waktu dekat pelayanan yang lebih baik terutama pada waktu sarapan."
1988,Kebersihan,none,positif,,mereka sepertinya tidak memperhatikan kebersihan kamar dan kehilangan perhatian pada detail.,"ini bukan pertama kalinya saya menginap di hotel ini, dan saya juga telah menginap di beberapa santika. namun, saya harus mengatakan ini adalah saat terburuk yang pernah saya alami di santika cirebon dimana saya menemukan kamar saya penuh dengan nyamuk berdarah dan rambut di lantai. mereka sepertinya tidak memperhatikan kebersihan kamar dan kehilangan perhatian pada detail. lain kali saya mengunjungi cirebon, saya mungkin tidak akan memilih hotel ini lagi karena ada hotel bintang 4 baru (yang luar biasa) lebih murah daripada santika cirebon bintang 3."
2222,Kebersihan,none,positif,,"makan pagi ok, sdh siap dari pagi kamar sblm jam 12 sudah siap mbl dicuci, good suasana dan kebersihan secara keseluruhan baik lingkungan sekitar hotel berisik","makan pagi ok, sdh siap dari pagi kamar sblm jam 12 sudah siap mbl dicuci, good suasana dan kebersihan secara keseluruhan baik lingkungan sekitar hotel berisik"
2429,Kebersihan,none,positif,,"lokasi sangat bagus dekat pusat perbelanjaan, kebersihan luar biasa dengan staf yang ramah, makanan sederhana namun lezat","lokasi sangat bagus dekat pusat perbelanjaan, kebersihan luar biasa dengan staf yang ramah, makanan sederhana namun lezat"
2468,Kebersihan,none,positif,,kenyamanan untuk keluarga dan kebersihan juga tempatnya strategis,kenyamanan untuk keluarga dan kebersihan juga tempatnya strategis
3979,Kebersihan,netral,negatif,hotel lama toilet sudah direnovasi. sprei dan handuk sudah agak lusuh,"hotel lama toilet sudah direnovasi, breakfast lumayan minusnya sprei dan handuk sudah agak lusuh, sangat kurang colokan listrik.","hotel lama toilet sudah direnovasi, breakfast lumayan minusnya sprei dan handuk sudah agak lusuh, sangat kurang colokan listrik."
4228,Kebersihan,none,positif,,kebersihan terjaga.,kebersihan terjaga. layanan luar biasa.
5041,Kebersihan,none,positif,,"secara keseluruhan baik, tetap tingkatkan pelayanan prima dan kebersihan","secara keseluruhan baik, tetap tingkatkan pelayanan prima dan kebersihan"
5539,Kebersihan,none,positif,,kebersihan terjaga maksimal.,kebersihan terjaga maksimal. kolam renang dengan pemandangan indah. kolam renang dengan pemandangan indah.
5618,Kebersihan,none,negatif,,bau linen sangat menyengat sehingga saya tidak bisa tidur.,pengharum ruangan? bau linen sangat menyengat sehingga saya tidak bisa tidur. ada lubang di handuk.
8861,Kebersihan,none,negatif,,bau kotoran semerbak masuk kamar tidur anak kami.,air conditioner mati dan penghisap udara kamar mandi mati. bayangkan suasana kamarnya dan baunya? bau kotoran semerbak masuk kamar tidur anak kami. tidak ada tindakan apa-apa sesudah kami mengadu ke pihak hotel.
8901,Kebersihan,none,positif,,"lokasinya yang berada di tengah kota membuat perjalanan dari hotel ke lokasi tujuan sangat mudah dicapai, lebih lanjut ada pelayanan tambahan karena setiap pagi dicuci secara cuma-cuma sehingga mobil kami tetap bersih sehingga terlihat professional saat sampai di kantor.","hotel santika memang pilihan tepat sebagai akomodasi saat melakukan perjalanan dinas. lokasinya yang berada di tengah kota membuat perjalanan dari hotel ke lokasi tujuan sangat mudah dicapai, lebih lanjut ada pelayanan tambahan karena setiap pagi dicuci secara cuma-cuma sehingga mobil kami tetap bersih sehingga terlihat professional saat sampai di kantor."
8943,Kebersihan,none,negatif,,banyak sekali piring kotor didiamkan.,"staf ramah, cuma kenapa mobil saya aja yang tidak dicuci. resto untuk sarapan crowded dan pelayannya tidak sigap. banyak sekali piring kotor didiamkan."
12145,Kebersihan,none,positif,,"puas banget sama pelayanan, kebersihan dan fasilitasnya.","puas banget sama pelayanan, kebersihan dan fasilitasnya. cuma pas di kamar saya air conditioner nya kurang dingin padahal temperatur sudah paling kecil. overall baik kok tapi! bakal staycation ke sini lagi next time."
12253,Kebersihan,positif,none,kamar bersih kamar mandi bersih,,"kamar berisp, air conditioner dingin, kamar mandi bersi, makanan cukup lengkap dan esak."
13249,Kebersihan,negatif,none,kamar mandinya airnya menggenang,,"tempatnya kurang nyaman, dekat dengan mall tapi mallnya banyak tutup. terus kamar mandinya airnya menggenang."
503,Pelayanan,netral,positif,pelayanan cukup ramah,"hotel lokasi strategis, pelayanan cukup ramah, namun ada beberapa yang menjadi catatan perbaikan: 1.","hotel lokasi strategis, pelayanan cukup ramah, namun ada beberapa yang menjadi catatan perbaikan: 1. kondisi air conditioner panas 2. kebersihan perlu ditingkatkan"
562,Pelayanan,positif,none,mobil di parkiran di cuci dengan gratis,,"hotel dekat dengan pasat perbelanjaan, tempat makan. mobil di parkiran di cuci dengan gratis. variasi makanan harus di tambah."
1650,Pelayanan,none,negatif,,"kami check ini terlambat, dateng jam setengah dua belas malam, tanpa basa-basi dan birokrasi yang panjang, kami langsung dapet kunci kamar.","kami check ini terlambat, dateng jam setengah dua belas malam, tanpa basa-basi dan birokrasi yang panjang, kami langsung dapet kunci kamar. kami pilih kamar dengan bed twin walopun serasa sempit bahkan untuk 1 orang, interior kamar yang minimalis modern enak dipandang dan view gunung dan kota bogor. pagi hari kami sarapan, dengan menu yang beraneka macam dan enak2. sedikit kendala, kami tidak diberi tahu kalau mobil keluar masuk hotel, apakah kami bisa dapet voucher parkir, akhirnya keluar masuk hotel kami bayar parkir lagi selama dua hari, lumayan lah."
1819,Pelayanan,none,positif,,"semua pelayan sangat ramah, kamar nyaman dan bersih, menu makan pagi ckup bervariasi dan enak.","semua pelayan sangat ramah, kamar nyaman dan bersih, menu makan pagi ckup bervariasi dan enak. akses ke hotel cukup mudah dan bukan di jalur macet. dan yang sangat menarik adalah pagi pagi mobil di cuci dari pihak hotel."
1834,Pelayanan,netral,positif,lain seperti pengering rambut dan staf akan mengirimkannya ke kamar anda,"menginap semalam, kamarnya sangat bersih, stafnya cepat tanggap dan sangat ramah.","menginap semalam, kamarnya sangat bersih, stafnya cepat tanggap dan sangat ramah. fasilitasnya lengkap dan anda juga bisa meminta fasilitas lain seperti pengering rambut dan staf akan mengirimkannya ke kamar anda. sarapannya enak tapi tidak ada yang luar biasa tentang sarapan. tampilan hotelnya mungkin agak tua tapi secara keseluruhan sepadan dengan harganya."
1836,Pelayanan,none,positif,,"tempat ini tidak jauh dari segalanya, terima kasih santika, mereka sangat ramah dan membantu dengan lengkap, sampai jumpa lagi","tempat ini tidak jauh dari segalanya, terima kasih santika, mereka sangat ramah dan membantu dengan lengkap, sampai jumpa lagi"
1861,Pelayanan,none,positif,,"menu sarapannya sangat lengkap, bervariasi dan enak, namun keramahannya sangat baik.","santika adalah salah satu hotel terbaik di cirebon, terletak di pusat kota, dekat dengan stasiun kereta, mall, restoran, dll. kolam renangnya mungkin salah satu kolam terbaik yang pernah saya coba di cirebon, sangat bersih dan besar. saya suka ketika saya masuk kamar, stafnya sudah menyiapkan kamar jadi air conditioner sudah menyala jadi kamar sangat sejuk dan nyaman. mereka juga mencuci mobil kami, dan ini diluar ekspektasi. menu sarapannya sangat lengkap, bervariasi dan enak, namun keramahannya sangat baik. satu malam tidak pernah cukup."
2386,Pelayanan,none,positif,,penerimaan sangat ramah.,"tempat bersih, kamar tidak terlalu besar, tapi baik lah. penerimaan sangat ramah. parkir juga luas kolam renang kelihatan dari tempat menginap, dan kelihatannya bersih dan nyaman, sayang kami tidak sempat menikmati kolam renang."
2558,Pelayanan,none,positif,,"hotelnya bagus seperti kamarnya luas, lokasi strategis dekat dengan mall, tempat parkir dan rapi, proses check-in cukup cepat.","hotelnya bagus seperti kamarnya luas, lokasi strategis dekat dengan mall, tempat parkir dan rapi, proses check-in cukup cepat."
4378,Pelayanan,positif,none,ramaah juga,,keren abiss ramaah juga dan bersih
4989,Pelayanan,none,positif,,"semuanya baik, dari fasilitas dan layanannya juga sangat memuaskan.","semuanya baik, dari fasilitas dan layanannya juga sangat memuaskan."
5119,Pelayanan,negatif,none,"pesan via ota, pilih kamar deluxe single bed dikasih yang twin bed, dan smoking room",,"pesan via ota, pilih kamar deluxe single bed dikasih yang twin bed, dan smoking room. akses susah jika solo travel yang harus melalui lift didalam mall yang kalau malam tutup"
5467,Pelayanan,negatif,none,saluran pembuangan shower lambat meskipun kotoran/rambut sudah dibersihkan oleh staf hotel.,,"kami menginap di kamar 616. saluran pembuangan shower lambat meskipun kotoran/rambut sudah dibersihkan oleh staf hotel. lokasi hotel cukup bagus, memiliki akses langsung ke pusat perbelanjaan botany square. dan botanic. "
5547,Pelayanan,netral,positif,kualitas pelayanan terbaik.,interior ramah keluarga.,interior ramah keluarga. harga sangat terjangkau. kualitas pelayanan terbaik.
5800,Pelayanan,netral,negatif,"pelayan di restoran saat sarapan, kurang ramah | reseptionist dan satpamnya baik banget","ada colokan di samping westafel, tapi sayangnya hairdryernya tidak ada pelayan di restoran saat sarapan, kurang ramah, mukanya pada manyun, masih ngantuk kali yah.","ada colokan di samping westafel, tapi sayangnya hairdryernya tidak ada pelayan di restoran saat sarapan, kurang ramah, mukanya pada manyun, masih ngantuk kali yah. reseptionist dan satpamnya baik banget, kamar bersih, cukup luas. "
6075,Pelayanan,netral,negatif,penerimaan sangat membantu dan sopan. layanan yang buruk (telur setengah matang yang tidak pernah datang),layanan yang buruk.,"penerimaan sangat membantu dan sopan sayangnya cuaca hangat dan tanpa air conditioner di area lobi. ruangan itu bersih tapi keran lama di wastafel dan shower membuatnya sulit untuk dioperasikan. menu sarapan prasmanan memang tidak sebanyak dua tahun lalu. disebutkan secara khusus ke stasiun telur, memesan telur setengah matang yang tidak pernah datang sampai kami selesai. layanan yang buruk."
7120,Pelayanan,none,positif,,"ramah, nyaman hanya terlalu bebas untuk smoking: (","ramah, nyaman hanya terlalu bebas untuk smoking: ("
7131,Pelayanan,netral,positif,"pelayanan bagus, namun pelayanan dari pegawai restoran untuk breakfast kurang tanggap","bermalam di hotel santika bandung, , pegawai nya ramah-ramah, , pelayanan bagus, , bersih banget, , saya menginap bersama anak dan istri saya, , pada saat check-in kamar dengan tempat tidur ukuran king telah terisi semua kamarnya, , namun oleh pihak hotel di usahakan bagaimana caranya agar kami sekeluarga mendapatkan k","bermalam di hotel santika bandung, , pegawai nya ramah-ramah, , pelayanan bagus, , bersih banget, , saya menginap bersama anak dan istri saya, , pada saat check-in kamar dengan tempat tidur ukuran king telah terisi semua kamarnya, , namun oleh pihak hotel di usahakan bagaimana caranya agar kami sekeluarga mendapatkan kamar dengan tempat tidur ukuran king, , mengenai breakfast/sarapan pagi menunya banyak sekali namun sayang pelayanan dari pegawai restoran untuk breakfast/sarapan pagi kurang tanggap dan sigap, , karena setelah kami selesai menyantap makanan alat makan yang telah kami gunakan tidak secepatnya diambil oleh para pegawai serta penyediaan kopi dan teh oleh pelayan tidak cepat. terima kasih traveloka, , harga kamarnya murah banget dari pada harga publish dari pihak hotel."
7506,Pelayanan,none,positif,,hotel dan layanan yang bagus.,hotel dan layanan yang bagus. lokasi agak membingungkan.
8085,Pelayanan,positif,none,santika tau how to treat their customers,,"cemilan di kala sore, santika tau how to treat their customers"
8685,Pelayanan,negatif,none,slow respon jika ada makanan yang mulai habis ruang makan yang diluar lambat dibersihkan,,"makanan kurang lezat, slow respon jika ada makanan yang mulai habis, ruang makan yang diluar lambt dibersihkan"
9497,Pelayanan,none,positif,,"bagus ruangan, layanan besar, bagus, besar dan bersih kolam renang.","bagus ruangan, layanan besar, bagus, besar dan bersih kolam renang. kami berenang di malam hari dan itu bagus"
10297,Pelayanan,negatif,negatif,resepsionis memberi tahu saya bahwa kolam ditutup selama pandemi. staf dengan tegas mengatakan ada pengumuman yang sesuai tentang penutupan kolam umum di aplikasi yang saya anggap sebagai kebohongan sederhana,"ketika saya mulai check-in, resepsionis memberi tahu saya bahwa kolam ditutup selama pandemi.","saya bepergian dengan anak-anak jadi saya mencari hotel. di area dengan kolam renang. hasil pencarian menunjukkan akomodasi ini memiliki kolam renang. itulah alasan saya memilihnya. ketika saya mulai check-in, resepsionis memberi tahu saya bahwa kolam ditutup selama pandemi. saya kesal dan anak-anak kecewa. staf dengan tegas mengatakan, ada pengumuman yang sesuai tentang penutupan kolam umum di aplikasi, yang saya anggap sebagai kebohongan sederhana dan saran yang berani bahwa saya tidak cukup berhati-hati dalam proses pemesanan saya, yang sama sekali tidak benar dan sangat mengganggu untuk didengar."
10630,Pelayanan,positif,none,kalau untuk pelayanan dan fasilitas sih tidak usah ditanya santika hotel top deh,,"sebulan sekali saya pasti menginap di hotel santika depok. saya memilih hotel ini selain karena kenyamanannya juga karena praktis. hotel santika depok terhubung langsung dengan di mal. situasi kota depok yang macet setiap kali weekend membuat saya harus mencari semua yang serba praktis, agar waktu tidak habis dijalan. kalau untuk pelayanan dan fasilitas sih tidak usah ditanya, santika hotel top deh"
10692,Pelayanan,netral,positif,overall pelayanannya bagus minta early check-in 12.30 baru ready jam 13.00,"overall pelayanannya bagus, minta early check-in 12.","overall pelayanannya bagus, minta early check-in 12. 30 baru ready jam 13. 00. semoga pelayanannya semakin bagus untuk selanjutnya."
11167,Pelayanan,negatif,none,hanya perlu di informasikan akses masuk hotel jika mall sudah tutup,,sangat berkesan dengan hotel santika. hanya perlu di informasikan akses masuk hotel jika mall sudah tutup.
12637,Pelayanan,negatif,positif,karyawannya ramah,"yang jadi nilai tambah adalah karyawannya ramah, akses yang mudah ke mall mega city, dan menu breakfastnya benar2 kualitas santika: enak dan amat bervariasi.","saya pesan superior king, karena sesuatu hal di free upgrade ke deluxe king. kamar tidak ada kulkas, lemari, bath tub. baru dapat fasilitas tsb sprtinya di kelas premier. wi-fi tidak bisa digunakan. kartu akses hnya bisa diberikan 1 dan ini menyulitkan, terutama karena berpergian bersama anak2. agak sulit menghubungi fo, beberapa kali telpon tidak diangkat. banyak hal yang tidak sesuai dengan buku hotel information. balkon yang jdi nilai tambah kamar deluxe, ternyata dikunci, dan kunci tidak bisa ditinggal di kamar. yang jadi nilai tambah adalah karyawannya ramah, akses yang mudah ke mall mega city, dan menu breakfastnya benar2 kualitas santika: enak dan amat bervariasi. kamarnya juga luas, semua fasilitas lain sprti ac- tv- bathroom shower-electric pot, berfungsi baik. ada kolam renang dan gym."
13059,Pelayanan,positif,positif,,pelayanan dan fasilitasnya baik banget.,pelayanan dan fasilitasnya baik banget.
13196,Pelayanan,positif,positif,,fasilitas dan layanan yang baik,fasilitas dan layanan yang baik
13225,Pelayanan,positif,positif,,harga murah tapi pelayanan tidak murahan,harga murah tapi pelayanan tidak murahan
13434,Pelayanan,positif,positif,,pelayanannya baik fasilitas hotelnya juga mantab,pelayanannya baik fasilitas hotelnya juga mantab
13455,Pelayanan,positif,positif,,pelayanan baik.,fasilitas bagus. pelayanan baik.
13469,Pelayanan,positif,positif,,"pelayanan yang ramah, makanannya enak","pelayanan yang ramah, makanannya enak"
13615,Pelayanan,positif,none,keamanan terjaga,,nyaman dan bersih. keamanan terjaga.
13659,Pelayanan,positif,positif,,pelayanannya sangat ramah namun untuk variasi sarapan perlu ditambahkan lagi,pelayanannya sangat ramah namun untuk variasi sarapan perlu ditambahkan lagi
13664,Pelayanan,positif,positif,,semua fasilitas mantul pelayanan ramah,semua fasilitas mantul pelayanan ramah
13728,Pelayanan,positif,positif,,"hotel terfavorit, makanan banyak variasi, staf ramah","hotel terfavorit, makanan banyak variasi, staf ramah"
13901,Pelayanan,positif,positif,,fasilitas lengkap pelayanan memuaskan.,fasilitas lengkap pelayanan memuaskan.
14155,Pelayanan,none,none,bersih,,"bahagia, bersih, baik, cantik."
14215,Pelayanan,none,none,bersih,,"bagus, bagus, bersih, terawat."
14364,Pelayanan,positif,positif,,pelayanan dan fasilitas cukup memuaskan,pelayanan dan fasilitas cukup memuaskan
14542,Pelayanan,negatif,none,tisu toilet dan wajah jaringan tidak tersedia,,tisu toilet dan wajah jaringan tidak tersedia pada malam kedua saya tinggal.
14676,Pelayanan,none,none,bersih,,hotel ini bersih dan menarik tempatnya.
629,Harga,none,positif,,"saya puas dengan memilih hotel santika ini, lokasi yang strategis, room service dengan valuable price, makanannya enak.","saya puas dengan memilih hotel santika ini, lokasi yang strategis, room service dengan valuable price, makanannya enak."
750,Harga,positif,none,"pelayanan staf fo kurang senyum, dan jangan lupa bawa struk parkir untuk stamp free parking.",,"perdana stay, pasca drop off di lobby, effortnya susah cari parkir, untungnya ada akses dari dalam mall ke dalam hotel. request connecting room, hanya dapat 1 aksesdoor masing², jadi repot kalau mau naik lantai izin staf bantu tap lift. minus hairdryer aja, dan tidak ada dispenser air, exhaust fan kamarmandi tidak terasa sirkulasinya, bantal kempes, cahaya kurang terang. plusnya ada hiburan smarttv dan wi-fi superngebut. breakfastnya b aja, wafflenya rasa adonan pukis, dan roti tawar terlihat kurang fresh, tapi westernfoodnya lumayan enak. pelayanan staf fo kurang senyum, dan jangan lupa bawa struk parkir untuk stamp free parking."
5913,Harga,negatif,positif,"kamar bersih, amenities lengkap, harga makanan hotel tidak terlalu mahal dan rasanya","check in dilayani dengan cepat dan ramah, kondisi kamar bersih, amenities lengkap, harga makanan hotel tidak terlalu mahal dan rasanya cukup enak","check in dilayani dengan cepat dan ramah, kondisi kamar bersih, amenities lengkap, harga makanan hotel tidak terlalu mahal dan rasanya cukup enak"
8266,Harga,none,positif,,"memuaskan, kamarnya lega, mini bar-nya gratis, tempatnya strategis, makanannya juga banyak variasi.","memuaskan, kamarnya lega, mini bar-nya gratis, tempatnya strategis, makanannya juga banyak variasi. so far sesuai harapan."
9551,Harga,none,positif,,"liburan bareng keluarga kecil, pelayanan ramah, makanan kecil murah dan bisa makan di kolam renang juga, kamar nyaman.","liburan bareng keluarga kecil, pelayanan ramah, makanan kecil murah dan bisa makan di kolam renang juga, kamar nyaman."
10193,Harga,none,negatif,,"akses masuk susah nyarinya pake map, parkiran kecil, palayanan kurang, fasilitas kamar tidak sesuai dengan harga, kamar ada kecoak.","akses masuk susah nyarinya pake map, parkiran kecil, palayanan kurang, fasilitas kamar tidak sesuai dengan harga, kamar ada kecoak."
10647,Harga,none,negatif,,"hotel cukup strategis karena satu kawasan dengan mal, turun lift jalan dikit langsung masuk mall depok, fasilitas kamar cukup baik, view lumayan dari lantai 26 hahaha tetapi ukuran kamar agak sempit agak untuk sholat pas-pasan, air mineral banyak, variasi makanan banyak, rasa lumayan enak, parkir lumayan mahal untuk sa","hotel cukup strategis karena satu kawasan dengan mal, turun lift jalan dikit langsung masuk mall depok, fasilitas kamar cukup baik, view lumayan dari lantai 26 hahaha tetapi ukuran kamar agak sempit agak untuk sholat pas-pasan, air mineral banyak, variasi makanan banyak, rasa lumayan enak, parkir lumayan mahal untuk satu hari check in kemudian check out biaya parkir 40rb."
12915,Harga,none,positif,,"tempat nyaman, bersih sesuai dengan budget, kolam renang bersih.","tempat nyaman, bersih sesuai dengan budget, kolam renang bersih."
13059,Harga,none,none,pelayanan baik banget,,pelayanan dan fasilitasnya baik banget.
13196,Harga,none,none,layanan yang baik,,fasilitas dan layanan yang baik
13434,Harga,none,none,pelayanannya baik,,pelayanannya baik fasilitas hotelnya juga mantab
13455,Harga,none,none,pelayanan baik,,fasilitas bagus. pelayanan baik.
13469,Harga,none,none,pelayanan yang ramah,,"pelayanan yang ramah, makanannya enak"
13659,Harga,none,none,pelayanannya sangat ramah,,pelayanannya sangat ramah namun untuk variasi sarapan perlu ditambahkan lagi
13664,Harga,none,none,pelayanan ramah,,semua fasilitas mantul pelayanan ramah
13728,Harga,none,none,staf ramah,,"hotel terfavorit, makanan banyak variasi, staf ramah"
13901,Harga,none,none,pelayanan memuaskan,,fasilitas lengkap pelayanan memuaskan.
14220,Harga,none,none,pesan yang king dikasih kamar yang standard,,hotelnya bagus. bersih juga. pelayanan baik. tapi pesan yang king dikasih kamar yang standard.
14364,Harga,none,none,pelayanan cukup memuaskan,,pelayanan dan fasilitas cukup memuaskan
1316,Lokasi,none,positif,,"dekat dengan mall, pelayanan oke, dan fasilitas mantap, keep it up","dekat dengan mall, pelayanan oke, dan fasilitas mantap, keep it up"
1408,Lokasi,none,positif,,"dekat kebun raya, botani square.","dekat kebun raya, botani square. makanannya enak, staf ramah. baik buat keluarga."
1491,Lokasi,netral,positif,"memiliki kesan yang luar biasa, lokasi yang baik dekat dengan mal kebersihan cukup baik","pertama sampai di hotel memiliki kesan yang luar biasa, lokasi yang baik dekat dengan mal kebersihan cukup baik.","pertama sampai di hotel memiliki kesan yang luar biasa, lokasi yang baik dekat dengan mal kebersihan cukup baik. untuk fasilitas kolam renang juga bagus. santika sangat terkenal dengan beragaman sarapanya yang pasti enak. untuk staf saya merasa kurang ramah. bagian fo, tempat sarapan, kolam renang, mungkin karena libur lebaran ramai tamu mereka kelelahan sehingga ya biasa saja, tapi untuk satpamnya sangat baik dan ramah."
2346,Lokasi,netral,positif,lokasi hotel sangat bagus karena dekat sekali dengan,lokasi hotel sangat bagus karena dekat sekali dengan stasiun kereta api sehingga tidak takut terlambat.,lokasi hotel sangat bagus karena dekat sekali dengan stasiun kereta api sehingga tidak takut terlambat. dan juga sangat dekat dengan pusat pertokoan.
5805,Lokasi,none,positif,,dekat dengan pusat hiburan.,kualitas layanan terbaik. hidangan yang disajikan lezat. suasana ramah. dekat dengan pusat hiburan. parkir aman.
7176,Lokasi,none,positif,,"pelayanannya baik dan hotelnya nyaman, dekat dengan mana saja","pelayanannya baik dan hotelnya nyaman, dekat dengan mana saja"
7989,Lokasi,none,positif,,"tempat sangat strategis, parkinya mudah, check-in cepat.","tempat sangat strategis, parkinya mudah, check-in cepat. pelayanan sangat ramah, handuk sprei dan bersih. air conditioner dan water heater berfungsi dengan baik, tapi tidak ada hair dryer."
10012,Lokasi,none,positif,,"plusnya + lokasi strategis + kamar bersih, air conditioner dingin, water heater berfungsi + makanan bervariasi + ada keterlambatan wkt cek in dari hotel tapi dikasih tambahan wkt 2 jam untuk cek out minusnya - lantai kamar mandi dekat wastafel airnya menggenang terus - tidak ada hair dryer dan kulkas - tidak ada galon","plusnya + lokasi strategis + kamar bersih, air conditioner dingin, water heater berfungsi + makanan bervariasi + ada keterlambatan wkt cek in dari hotel tapi dikasih tambahan wkt 2 jam untuk cek out minusnya - lantai kamar mandi dekat wastafel airnya menggenang terus - tidak ada hair dryer dan kulkas - tidak ada galon isi ulang air, jd hanya dibatasi 4 botol"
11167,Lokasi,none,negatif,,hanya perlu di informasikan akses masuk hotel jika mall sudah tutup.,sangat berkesan dengan hotel santika. hanya perlu di informasikan akses masuk hotel jika mall sudah tutup.
12790,Lokasi,negatif,negatif,,"00 check-in menerima kunci masuk kamar, kamar nyaman dan aman, karyawannya ramah-ramah dan responsif, sarapan pagi enak, hanya sayangnya akses lift ke hotel gabung dengan pengunjung mal jadi kalau mau naik turun lift agak lama.","proses administrasi tidak susah, pukul 14. 00 check-in menerima kunci masuk kamar, kamar nyaman dan aman, karyawannya ramah-ramah dan responsif, sarapan pagi enak, hanya sayangnya akses lift ke hotel gabung dengan pengunjung mal jadi kalau mau naik turun lift agak lama. sisanya baik."
13225,Lokasi,none,none,harga murah,,harga murah tapi pelayanan tidak murahan
168,Fasilitas,netral,positif,area parkir mobil di basement memiliki jalur yang luas namun tempat parkir terbatas,area parkir mobil di basement memiliki jalur yang luas namun tempat parkir terbatas.,lokasi bagus bagi yang ingin menjelajahi kota bandung. lokasi sangat dekat dengan hotel aryaduta (tepat di seberang pintu keluarnya). jalan depan hotel ada 2 arah (bukan 1 arah) sehingga memudahkan kita untuk mengakses hotel. hotel santika merupakan hotel tua namun masih terawat. kamarnya luas namun semua perabotannya harus direnovasi juga fasilitasnya. sarapan memiliki pilihan terbatas namun rasanya cukup enak. area parkir mobil di basement memiliki jalur yang luas namun tempat parkir terbatas.
697,Fasilitas,negatif,none,secara keseluruhan fasilitas terasa agak tua,,"lokasinya bagus karena bersebelahan dengan pusat perbelanjaan sehingga tidak perlu jauh-jauh. namun secara keseluruhan fasilitas terasa agak tua, mungkin karena hotelnya sudah tua. stafnya ramah, saya suka lokasinya, dan harganya. juga, ada pembangunan yang sedang berlangsung di sebelah, jadi saya tidur siang, tapi selain kebisingan, saya tidak punya keluhan."
1064,Fasilitas,none,negatif,,kapasitas liftnya tidak baik,satu malam menginap layanan grup tidak baik! harus menyelesaikannya sebelum kedatangan kamar jika belum siap. kapasitas liftnya tidak baik
1136,Fasilitas,positif,negatif,saja hanya saja transmisi televisi sering terputus dan beberapa saluran meskipun,ruangan itu baik-baik saja hanya saja transmisi televisi sering terputus dan beberapa saluran meskipun ditunjukkan dalam daftar tidak ada,"karena hujan selalu turun di sore hari, kami dapat, di waktu senggang, berbelanja atau makan malam tanpa basah kuyup atau harus mencari taksi dengan panik. sarapannya memuaskan. ruangan itu baik-baik saja hanya saja transmisi televisi sering terputus dan beberapa saluran meskipun ditunjukkan dalam daftar tidak ada"
1385,Fasilitas,netral,positif,"overall baik banget, hanya parkir kendaraan yang kurang baik karena kalau keluar","hotel bersih dan nyaman, overall baik banget, hanya parkir kendaraan yang kurang baik karena kalau keluar cari2 petugasnya dulu","hotel bersih dan nyaman, overall baik banget, hanya parkir kendaraan yang kurang baik karena kalau keluar cari2 petugasnya dulu"
1834,Fasilitas,positif,none,fasilitasnya lengkap dan anda juga bisa meminta fasilitas,,"menginap semalam, kamarnya sangat bersih, stafnya cepat tanggap dan sangat ramah. fasilitasnya lengkap dan anda juga bisa meminta fasilitas lain seperti pengering rambut dan staf akan mengirimkannya ke kamar anda. sarapannya enak tapi tidak ada yang luar biasa tentang sarapan. tampilan hotelnya mungkin agak tua tapi secara keseluruhan sepadan dengan harganya."
2287,Fasilitas,netral,positif,dapat dengan leluasa menikmati fasilitas hotel yang disediakan,"sangat menyenangkan dan terjaga privacy, sehingga kami dapat dengan leluasa menikmati fasilitas hotel yang disediakan.","sangat menyenangkan dan terjaga privacy, sehingga kami dapat dengan leluasa menikmati fasilitas hotel yang disediakan."
2366,Fasilitas,netral,positif,hotel nya bersih dan nyaman serta kolam renang besar dan bersih dan kamar nya besar dan harga,hotel nya bersih dan nyaman serta kolam renang besar dan bersih dan kamar nya besar dan harga nya terjangkau,hotel nya bersih dan nyaman serta kolam renang besar dan bersih dan kamar nya besar dan harga nya terjangkau
2413,Fasilitas,none,negatif,,"nyaman, strategis di mall, menawarkan sahur, dan staf ramah, kamar bersih, sayangnya tidak ada kulkas mini.","nyaman, strategis di mall, menawarkan sahur, dan staf ramah, kamar bersih, sayangnya tidak ada kulkas mini."
2834,Fasilitas,none,negatif,,floordrain tidak berfungsi.,floordrain tidak berfungsi. jadi saya harus buka floordrainnya biar airnya tidak menggenang. saya bermalam di unit yang exclusive. hanya dapat buah 3 pcs. penerangan kurang. karpet di ruang family kotor banget sama sofa belum pernah di dryclean kayaknya. selain hal ini nyaman.
2860,Fasilitas,netral,negatif,fasilitas kamar mandi juga lengkap. fasilitas wi-fi yang amat sangat lambat,"namun yang paling mengecewakan untuk kami adalah fasilitas wi-fi yang amat sangat lambat, bahkan tidak bisa kami gunakan sama sekali.","lokasi di mall dengan banyak pilihan restoran bahkan departemen store. air minum yang disediakan lebih banyak dari standar hotel lain, yaitu 4 botol dengan ukuran sedang. kenyamanan tidur sangat memuaskan dengan bed yang sangat nyaman dan 2 bantal yang nyaman di masing masing bed (twin). kondisi kamar sangat bersih dan fasilitas kamar mandi juga lengkap. yang cukup mengganggu adalah suhu air shower yang sangat tidak stabil, panas dingin bergantian. namun yang paling mengecewakan untuk kami adalah fasilitas wi-fi yang amat sangat lambat, bahkan tidak bisa kami gunakan sama sekali."
3852,Fasilitas,netral,positif,fasilitas nya baik | tempat parkiran mobilnya tolong di perluas lagi,yang saya sukai: - fasilitas nya baik - makanan nya baik - karyawan nya ramah2 - tempatnya strategis saran: - tempat parkiran mobilnya tolong di perluas lagi.,yang saya sukai: - fasilitas nya baik - makanan nya baik - karyawan nya ramah2 - tempatnya strategis saran: - tempat parkiran mobilnya tolong di perluas lagi.
4135,Fasilitas,none,negatif,,"hotelnya sudah tua, gatau karna penuh atau gimana dapet kamar yang sudah lama tidak dipake kayanya sampe water heaternya harus minta dinyalain dulu ke teknisinya, dan bau lembab banget, sarapan buat sekelas santika kurang banget","hotelnya sudah tua, gatau karna penuh atau gimana dapet kamar yang sudah lama tidak dipake kayanya sampe water heaternya harus minta dinyalain dulu ke teknisinya, dan bau lembab banget, sarapan buat sekelas santika kurang banget"
4782,Fasilitas,netral,positif,"bersih banget dan untuk saluran televisi nya banyak semutnya, tapi hampir semua baik sii","pengalaman yang memuaskan, kamar agak sempit sii hehehe, cuma bersih banget dan untuk saluran televisi nya banyak semutnya, tapi hampir semua baik sii, dari pelayanan receptions nya yang ramah tamah.","pengalaman yang memuaskan, kamar agak sempit sii hehehe, cuma bersih banget dan untuk saluran televisi nya banyak semutnya, tapi hampir semua baik sii, dari pelayanan receptions nya yang ramah tamah. okonya bagus"
5719,Fasilitas,none,negatif,,"lokasi strstegis, makan pagi baik, cuma air panas kurang dan shower kurang kencang.","lokasi strstegis, makan pagi baik, cuma air panas kurang dan shower kurang kencang."
5979,Fasilitas,positif,none,ada fasilitas peminjaman sepeda untuk berkeliling,,"lokasi strategis ke mana2 dekat. petugas ramah semua, kamar bersih. terimakasih untuk semua kesan yang baik. ada fasilitas peminjaman seped untuk berkeliling, tapi saya tidak sempat menikmati karena padatnya acara."
6158,Fasilitas,positif,none,"proses cek in mudah, fasilitas biasa saja.",,"proses cek in mudah, fasilitas biasa saja."
6452,Fasilitas,negatif,positif,sedikit kolam renang plus fasilitas ramah anak,"sebagai saran mungkin sedikit kolam renang plus fasilitas ramah anak, seperti slide kecil atau tempat bermain akan menjadi lebih baik.","hotel tua dengan perawatan yang baik sehingga hotel terlihat masih bagus dan terpelihara dengan baik, dekat dengan masjid tentara dan beberapa pusat perbelanjaan. sarapan varian yang berlimpah dan lezat, kamar bersih dan nyaman. sebagai saran mungkin sedikit kolam renang plus fasilitas ramah anak, seperti slide kecil atau tempat bermain akan menjadi lebih baik."
7190,Fasilitas,netral,positif,siaran televisi kabel banyak pilihan.,breakfast nya enak dan banyak macamnya.,"hotel nya bagus meskipun bangunan lama, pegawainya ramah dan sopan. kamar bersih. siaran televisi kabel banyak pilihan. breakfast nya enak dan banyak macamnya. puas dan recommend menginap di santika bandung. thanks traveloka atas diskon nya. transaksi mudah dan cepat. traveloka memang pas untuk kita."
7728,Fasilitas,none,positif,,"kamar bersih, kolam renang bersih, makanan lumayan enak, protokol covid, pelayanan cukup baik, staf ramah dan membantu, hanya minta handuk tambahan agak lama, cukup menyenangkan.","kamar bersih, kolam renang bersih, makanan lumayan enak, protokol covid, pelayanan cukup baik, staf ramah dan membantu, hanya minta handuk tambahan agak lama, cukup menyenangkan."
7823,Fasilitas,none,negatif,,"terus untuk kamar mandinya tidak ada sabun cair untuk cuci tangan, dikasihnya malah yang batang.","review dikit menginap disana. pegawai ramah semua. check-in dan check-out cepat. kamar sama kaya di gambar. minta request jendela dengan view dikasih. complimentary kamar free. air conditioner dingin. water heater dan exhaush fan baik. malam hari saya minta tolong pihak dapur untuk hangat makanan dilayani dengan baik dan cepat, sedikit saran, tempat sampah dikamar dan dikamar mandi kalau bisa bukanya yang di tekan pake kaki, gang yang tutupnya bisa di copot gt soalnya jadi dimaenin anak yang belum paham kalau itu tempat sampah. terus untuk kamar mandinya tidak ada sabun cair untuk cuci tangan, dikasihnya malah yang batang. agak repot ya. ini hotelnya tempel banget sama botani, karena covid, bayi gabisa masuk sana. tapi nyari makan banyak, bisa gojek dan enak-enak ko. parkiran juga gabung sama mal. buat yang menginap disana jangan lupa tiket parkirnya distempel sama pihak hotel biar free. untuk breakfast kurang variatif menunya, apalagi untuk rotinya, dikit banget. tidak ada roti tawar dan selai. overall baik ko. 8/10. terima kasih ya."
8040,Fasilitas,negatif,positif,kolam kecil,kolam kecil yang tenang tapi stafnya sangat ramah secara keseluruhan hotel ini bagus dan membuat liburan saya hampir sempurna terima kasih santika bogor,"kamar yang cukup baik untuk tidak kecil, dan varian untuk sarapan sedikit kurang, rasanya cukup. kolam kecil yang tenang tapi stafnya sangat ramah secara keseluruhan hotel ini bagus dan membuat liburan saya hampir sempurna terima kasih santika bogor"
8590,Fasilitas,negatif,none,ruang makannya pada saat breakfast yang sepertinya kurang luas mengingat kapasitas tamu yang banyak sehingga harus bergantian,,secara keseluruhan sangat memuaskan dengan pelayanan yang sangat baik mungkin yang kurang hanya untuk ruang makannya pada saat breakfast yang sepertinya kurang luas mengingat kapasitas tamu yang banyak sehingga harus bergantian.
8936,Fasilitas,none,positif,,fasilitas untuk kursi roda tersedia.,staf sangat ramah dan membantu. fasilitas untuk kursi roda tersedia. recommended.
9136,Fasilitas,none,negatif,,"walau ada kendala sedikit di kamar mandi, air menggenang dan yang orang ngebersihin kamar kurang jeli ngebersihin kotorandi meja dan lantai.","pelayanan yang cukup baik di masa pandemi. mobil di cuci semua dari pihak hotel. makanan yang enak, kolam juga baik, anak-anak senang. walau ada kendala sedikit di kamar mandi, air menggenang dan yang orang ngebersihin kamar kurang jeli ngebersihin kotorandi meja dan lantai. terima kasih hotel santika sudah meng-upgrade kamar kami ke executive. very well services."
9497,Fasilitas,none,positif,,"bagus ruangan, layanan besar, bagus, besar dan bersih kolam renang.","bagus ruangan, layanan besar, bagus, besar dan bersih kolam renang. kami berenang di malam hari dan itu bagus"
9549,Fasilitas,none,positif,,"pelayanan bagus, ada fasilitas antar jemput sehingga sangat membantu buat para tamu yang tidak naik kendaraan pribadi.","pelayanan bagus, ada fasilitas antar jemput sehingga sangat membantu buat para tamu yang tidak naik kendaraan pribadi."
9551,Fasilitas,none,positif,,"liburan bareng keluarga kecil, pelayanan ramah, makanan kecil murah dan bisa makan di kolam renang juga, kamar nyaman.","liburan bareng keluarga kecil, pelayanan ramah, makanan kecil murah dan bisa makan di kolam renang juga, kamar nyaman."
9773,Fasilitas,none,positif,,"hotel yang nyaman, suka karena tempat makan pagi dekat dengan kolam renang","hotel yang nyaman, suka karena tempat makan pagi dekat dengan kolam renang"
10098,Fasilitas,none,negatif,,"untuk kamarnya standar lah, shower-nya mampet, air mengalir sangat kecil, tanpa hairdryer juga.","untuk kamarnya standar lah, shower-nya mampet, air mengalir sangat kecil, tanpa hairdryer juga. namun, yang bikin kita tidak komplain adalah staff-nya ramah-ramah, makanan saat sarapan semuanya enak."
10160,Fasilitas,none,positif,,ada kolam renang juga.,"staycation di hotel santika sangat menyenangkan, kamar bersih, perlengkapan yang ada di kamarpun bersih. ada kolam renang juga. mohon pelayanan di saat sarapan di cafe anjani, ada yang memantau jika ada piring kosong di meja tamu yang sarapan agar dapat diambil. jadi meja tidak penuh dengan piring kosong. terima kasih juga kejutan wedding anniversary kami."
10602,Fasilitas,none,positif,,hotel ini juga memiliki fasilitas dan layanan yang sangat baik bagi pelanggan.,hotel ini sangat pas untuk liburan bersama keluarga dan pasangan. karena berada satu area dengan mall dan bioskop. sehingga saat selesai berbelanja dan menonton bisa langsung beristirahat di sebelah gedung mall. hotel ini juga memiliki fasilitas dan layanan yang sangat baik bagi pelanggan.
12205,Fasilitas,none,positif,,kamar sangat nyaman dengan ruangan yang bersih fasilitas yang baik dan pelayanan yang sangat baik.,"kamar sangat nyaman dengan ruangan yang bersih fasilitas yang baik dan pelayanan yang sangat baik. hanya saja akses yang agak sulit karena lokasi ada di atas mal, akses yang diberikan langsung ke lobby hanya yang menggunakan mobil kalau untuk yang menggunakan kendaraan bermotor akses harus masuk melewati mal dahulu."
13024,Fasilitas,negatif,negatif,,harga terbaik tapi perlu menambahkan lebih banyak saluran televisi,harga terbaik tapi perlu menambahkan lebih banyak saluran televisi
13059,Fasilitas,positif,positif,,pelayanan dan fasilitasnya baik banget.,pelayanan dan fasilitasnya baik banget.
13196,Fasilitas,positif,positif,,fasilitas dan layanan yang baik,fasilitas dan layanan yang baik
13434,Fasilitas,positif,positif,,pelayanannya baik fasilitas hotelnya juga mantab,pelayanannya baik fasilitas hotelnya juga mantab
13455,Fasilitas,positif,positif,,fasilitas bagus.,fasilitas bagus. pelayanan baik.
13606,Fasilitas,none,negatif,,"air conditioner kamar kurang dingin di 620, saya pesan kamar deluxe!","air conditioner kamar kurang dingin di 620, saya pesan kamar deluxe! tapi itu deluxe atau superior ya?"
13664,Fasilitas,positif,positif,,semua fasilitas mantul pelayanan ramah,semua fasilitas mantul pelayanan ramah
13796,Fasilitas,positif,none,ada coffee shop,,"bagus banget sekarang ada coffee shop buat betah, staf pelayanan semua ramah baik check in cepat dan sudah pasti tiap ke tasik nginep di sini."
13803,Fasilitas,none,none,sarapan pagi menemukan rambut,,"kamar kurang bersih, sarapan pagi menemukan rambut."
13901,Fasilitas,positif,positif,,fasilitas lengkap pelayanan memuaskan.,fasilitas lengkap pelayanan memuaskan.
14364,Fasilitas,positif,positif,,pelayanan dan fasilitas cukup memuaskan,pelayanan dan fasilitas cukup memuaskan
12,Makanan,positif,none,2 kotak sarapan sudah siap diambil jam setengah 6 pagi sesuai permintaan,,"datang hampir jam 10 malam, hotel terlihat sepi tapi begitu turun mobil ada 1 doorman yang langsung menyambut dan membukakan pintu hotel. di lobby 1 concierge standby dan sat set mencari kamar yang kita booking dan melayani permintaan breakfast on the go. besoknya 2 kotak sarapan sudah siap diambil jam setengah 6 pagi sesuai permintaan. terimakasih santika."
235,Makanan,none,positif,,"anda dapat menemukan makanan enak, fashion bagus, kafe bagus dan semua yang anda butuhkan.","hotel ini terletak di jalan riau, jalan it bandung. anda dapat menemukan makanan enak, fashion bagus, kafe bagus dan semua yang anda butuhkan. itu juga dekat jl merdeka yang merupakan salah satu jalan sibuk di bandung yang memiliki beberapa jajanan kaki lima yang enak"
838,Makanan,none,positif,,"lokasi dekat dengan mall shg mudah untuk cari makanan, ,","lokasi dekat dengan mall shg mudah untuk cari makanan, ,"
1263,Makanan,none,positif,,"pilihan sarapannya beragam, dari western hingga indonesia, dan saya pesan telur dadar dan rasanya enak.","pilihan sarapannya beragam, dari western hingga indonesia, dan saya pesan telur dadar dan rasanya enak. ini setara dengan hotel bintang 4. lokasinya berada dalam jarak berjalan kaki ke kolam renang, pusat perbelanjaan, dan kebun raya. ruangannya luas dan saya bisa bersantai."
1834,Makanan,positif,none,sarapannya enak tapi tidak ada yang luar biasa tentang sarapan.,,"menginap semalam, kamarnya sangat bersih, stafnya cepat tanggap dan sangat ramah. fasilitasnya lengkap dan anda juga bisa meminta fasilitas lain seperti pengering rambut dan staf akan mengirimkannya ke kamar anda. sarapannya enak tapi tidak ada yang luar biasa tentang sarapan. tampilan hotelnya mungkin agak tua tapi secara keseluruhan sepadan dengan harganya."
1940,Makanan,netral,positif,"ada ketel listrik untuk membuat teh atau kopi, beserta segala fasilitasnya.","tapi, kamarnya cukup besar, tempat tidurnya nyaman (menurut saya tempat tidurnya keras atau sedang), kamar mandinya bagus dan bersih.","santika cirebon, menurut saya hotelnya sudah tua, jadi ada tandanya di bangunan itu. tapi, kamarnya cukup besar, tempat tidurnya nyaman (menurut saya tempat tidurnya keras atau sedang), kamar mandinya bagus dan bersih. ada ketel listrik untuk membuat teh atau kopi, beserta segala fasilitasnya. kulkas mini, televisi kabel (sayangnya gambar kurang jelas tapi cukup bagus untuk baca berita). sarapannya juga beda-beda, walaupun kata ibuku rasanya biasa saja, tapi bagiku itu sudah cukup. anda bisa memilih mulai dari roti, sereal, bubur nasi, nasi goreng, nasi putih dan makanan indonesia lainnya. secara keseluruhan cukup menyenangkan menginap di hotel santika."
2038,Makanan,netral,positif,"restoran ini menawarkan hidangan dalam jumlah terbatas, tetapi sangat lezat dan harganya masuk akal.",sarapan sebagian besar adalah makanan indonesia.,"hotel santika cukup kecil, namun tamannya indah. kolam renangnya besar dan rasanya seperti surga tropis. restoran ini menawarkan hidangan dalam jumlah terbatas, tetapi sangat lezat dan harganya masuk akal. sarapan sebagian besar adalah makanan indonesia. sebagai orang asing, kami tidak senang dengan pilihan terbatas di luar harga lokal, tetapi pilihan buahnya sangat bagus. seperti kebanyakan tempat di indonesia, stafnya ramah, ramah dan hangat. mereka sangat ingin membantu dan menyenangkan dan itu membuat kunjungan kami menyenangkan meskipun faktanya ciberon adalah kota kecil tanpa banyak atraksi. tidak ada restoran bagus atau tempat menarik untuk dikunjungi. kami masih mencoba mencari tahu bagaimana kami dibujuk untuk pergi ke sana! tapi kami menemukan bahwa kota ini memiliki batik yang luar biasa dan itu membuat perjalanan kami berharga. salah satu kelemahan utama mengunjungi kota kecil di indonesia adalah hampir tidak ada orang yang mengerti/berbicara bahasa inggris. meskipun kami memiliki buku ungkapan kecil, sulit untuk menggunakannya. namun, di hotel, semua staf berbicara bahasa inggris cukup untuk membuat kunjungan ini menyenangkan. saya akan merekomendasikan tempat ini hanya jika anda harus pergi ke cirebon dan hanya jika anda mencari beberapa hari untuk beristirahat."
2080,Makanan,netral,negatif,"sarapan alakadarnya, lokasi seputar kolam tidak terawat","sarapan alakadarnya, lokasi seputar kolam tidak terawat, air conditioner tidak dingin, kamar mandi bau, kunci hotel sudah jadul, balkoni depan jendela kotor banget, area deket lift d lobi gelap, terkesan kotor.","hotel tua yang menempati lahan luas dan lokasi yang strategis. seharusnya bisa mempertahankan ""keklasikan"" hotel santika yang sudah terkenal. sayangnya tidak bisa menjaga itu. sarapan alakadarnya, lokasi seputar kolam tidak terawat, air conditioner tidak dingin, kamar mandi bau, kunci hotel sudah jadul, balkoni depan jendela kotor banget, area deket lift d lobi gelap, terkesan kotor. semoga segera diperbaiki ya"
2211,Makanan,none,positif,,"harganya relatif murah, makan pagi bervariasi","harganya relatif murah, makan pagi bervariasi"
2212,Makanan,none,positif,,breakfastnya banyak dan enak.,salah satu hotel yang biasa saya pesan apabila ke cirebon. harga tidak terlalu mahal. lokasi juga bagus. pelayanan staffnya bagus. breakfastnya banyak dan enak. kolam renangnya baik.
2327,Makanan,netral,positif,breakfast disediakan makanan khas cirebon.,"staf melayani dengan ramah, kamar langsung tersedia tanpa harus menunggu, kondisi kamar bersih, kolam renang untuk anak-anak juga memadai.","staf melayani dengan ramah, kamar langsung tersedia tanpa harus menunggu, kondisi kamar bersih, kolam renang untuk anak-anak juga memadai. breakfast disediakan makanan khas cirebon. lokasi dekat dengan wisata kuliner empal gentong mang dharma."
2488,Makanan,none,positif,,"pelayanan bagus, fasilitas bagus, sarapannya enak","pelayanan bagus, fasilitas bagus, sarapannya enak"
2834,Makanan,netral,none,hanya dapat buah 3 pcs.,,floordrain tidak berfungsi. jadi saya harus buka floordrainnya biar airnya tidak menggenang. saya bermalam di unit yang exclusive. hanya dapat buah 3 pcs. penerangan kurang. karpet di ruang family kotor banget sama sofa belum pernah di dryclean kayaknya. selain hal ini nyaman.
4317,Makanan,positif,positif,satapan baik,"deket banget sama venue fanmeet, kamar bersih satapan baik","deket banget sama venue fanmeet, kamar bersih satapan baik"
7245,Makanan,netral,positif,"sarapan lumayan, namun tidak se-variatif hotel santika di kota lain","hotel dengan lokasi strategis, model bangunan dan kamar bentuk lama namun tetap nyaman, pelayanan cepat dan ramah, sarapan lumayan, namun tidak se-variatif hotel santika di kota lain.","hotel dengan lokasi strategis, model bangunan dan kamar bentuk lama namun tetap nyaman, pelayanan cepat dan ramah, sarapan lumayan, namun tidak se-variatif hotel santika di kota lain."
7823,Makanan,negatif,none,untuk breakfast kurang variatif menunya,,"review dikit menginap disana. pegawai ramah semua. check-in dan check-out cepat. kamar sama kaya di gambar. minta request jendela dengan view dikasih. complimentary kamar free. air conditioner dingin. water heater dan exhaush fan baik. malam hari saya minta tolong pihak dapur untuk hangat makanan dilayani dengan baik dan cepat, sedikit saran, tempat sampah dikamar dan dikamar mandi kalau bisa bukanya yang di tekan pake kaki, gang yang tutupnya bisa di copot gt soalnya jadi dimaenin anak yang belum paham kalau itu tempat sampah. terus untuk kamar mandinya tidak ada sabun cair untuk cuci tangan, dikasihnya malah yang batang. agak repot ya. ini hotelnya tempel banget sama botani, karena covid, bayi gabisa masuk sana. tapi nyari makan banyak, bisa gojek dan enak-enak ko. parkiran juga gabung sama mal. buat yang menginap disana jangan lupa tiket parkirnya distempel sama pihak hotel biar free. untuk breakfast kurang variatif menunya, apalagi untuk rotinya, dikit banget. tidak ada roti tawar dan selai. overall baik ko. 8/10. terima kasih ya."
8040,Makanan,positif,negatif,varian untuk sarapan sedikit kurang rasanya cukup,"kamar yang cukup baik untuk tidak kecil, dan varian untuk sarapan sedikit kurang, rasanya cukup.","kamar yang cukup baik untuk tidak kecil, dan varian untuk sarapan sedikit kurang, rasanya cukup. kolam kecil yang tenang tapi stafnya sangat ramah secara keseluruhan hotel ini bagus dan membuat liburan saya hampir sempurna terima kasih santika bogor"
8270,Makanan,positif,positif,sarapan kualitas makanan baik,kamar baik layanan kamar miskin sarapan kualitas makanan baik,kamar baik layanan kamar miskin sarapan kualitas makanan baik
11601,Makanan,none,positif,,sarapan sangat nyaman.,hotel ini cukup bagus. dan itu terletak di sebelah mal. sarapan sangat nyaman. salah satu downside adalah wi-fi yang connectionyou tidak bisa streaming youtube di sana.
12296,Makanan,netral,netral,,"makanan lumayan, kamar bersih, tapi spreinya keliatan tidak diganti ada kotor walopun sedikit.","makanan lumayan, kamar bersih, tapi spreinya keliatan tidak diganti ada kotor walopun sedikit."
12378,Makanan,positif,none,breakfastnya tidak pernah ngecewain,,breakfastnya tidak pernah ngecewain. fasilitas juga baik. tapi sayang kamarnya lebih nyaman yang non smoking. kamar yang smoking room tidak nyaman.
13024,Makanan,none,none,perlu menambahkan lebih banyak saluran televisi,,harga terbaik tapi perlu menambahkan lebih banyak saluran televisi
13059,Makanan,none,none,fasilitasnya baik banget,,pelayanan dan fasilitasnya baik banget.
13196,Makanan,none,none,fasilitas yang baik,,fasilitas dan layanan yang baik
13266,Makanan,negatif,negatif,,"sarapan pagi harus nambah bayar lagi padahal yang sarapan hanya 1 dewasa dan 4 anak dibawah usia 12 tahun, harapannya supaya sarapan anak gratis.","sarapan pagi harus nambah bayar lagi padahal yang sarapan hanya 1 dewasa dan 4 anak dibawah usia 12 tahun, harapannya supaya sarapan anak gratis."
13434,Makanan,none,none,fasilitas hotelnya juga mantab,,pelayanannya baik fasilitas hotelnya juga mantab
13455,Makanan,none,none,fasilitas bagus,,fasilitas bagus. pelayanan baik.
13469,Makanan,positif,positif,,"pelayanan yang ramah, makanannya enak","pelayanan yang ramah, makanannya enak"
13487,Makanan,positif,positif,,sarapan sangat baik dibandingkan dengan harga dan ramah dengan anak-anak di bawah 6,sarapan sangat baik dibandingkan dengan harga dan ramah dengan anak-anak di bawah 6
13659,Makanan,negatif,negatif,,pelayanannya sangat ramah namun untuk variasi sarapan perlu ditambahkan lagi,pelayanannya sangat ramah namun untuk variasi sarapan perlu ditambahkan lagi
13664,Makanan,none,none,semua fasilitas mantul,,semua fasilitas mantul pelayanan ramah
13728,Makanan,positif,positif,,"hotel terfavorit, makanan banyak variasi, staf ramah","hotel terfavorit, makanan banyak variasi, staf ramah"
13803,Makanan,negatif,negatif,,"kamar kurang bersih, sarapan pagi menemukan rambut.","kamar kurang bersih, sarapan pagi menemukan rambut."
13901,Makanan,none,none,fasilitas lengkap,,fasilitas lengkap pelayanan memuaskan.
14094,Makanan,netral,negatif,makanan enak cuma biasa-biasa saja,makanan enak cuma biasa-biasa saja.,pelayanan baik cuma kamar 202 agak bagaimana gitu horor. makanan enak cuma biasa-biasa saja.
14364,Makanan,none,none,fasilitas cukup memuaskan,,pelayanan dan fasilitas cukup memuaskan
14455,Makanan,positif,positif,,baik dengan harga yang ditawarkan juga mendapatkan sarapan pagi yang diantar ke kamar.,baik dengan harga yang ditawarkan juga mendapatkan sarapan pagi yang diantar ke kamar.
14465,Makanan,negatif,negatif,,overall memuaskan cuma ada sedikit kekecewaan saat booking dengan harga yang ditawarkan mendapat fasilitas breakfast sepertinya tidak sesuai.,overall memuaskan cuma ada sedikit kekecewaan saat booking dengan harga yang ditawarkan mendapat fasilitas breakfast sepertinya tidak sesuai.
14530,Makanan,negatif,negatif,,"makanan tidak enak, harga terlalu tinggi.","makanan tidak enak, harga terlalu tinggi."
