source,ID_Review,aspect,change_type,old_label,new_label,old_reason,new_reason,recommended_action,model_prediction,model_confidence,Text_Review
needs_manual_review_after_step_1_4,10193,Harga,apply_missing_label_from_manual_review,none,negatif,,"akses masuk susah nyarinya pake map, parkiran kecil, palayanan kurang, fasilitas kamar tidak sesuai dengan harga, kamar ada kecoak.",likely_missing_label,negatif,0.8998,"akses masuk susah nyarinya pake map, parkiran kecil, palayanan kurang, fasilitas kamar tidak sesuai dengan harga, kamar ada kecoak."
needs_manual_review_after_step_1_4,9497,Pelayanan,apply_missing_label_from_manual_review,none,positif,,"bagus ruangan, layanan besar, bagus, besar dan bersih kolam renang.",likely_missing_label,positif,0.8997,"bagus ruangan, layanan besar, bagus, besar dan bersih kolam renang. kami berenang di malam hari dan itu bagus"
needs_manual_review_after_step_1_4,11601,Makanan,apply_missing_label_from_manual_review,none,positif,,sarapan sangat nyaman.,likely_missing_label,positif,0.8972,hotel ini cukup bagus. dan itu terletak di sebelah mal. sarapan sangat nyaman. salah satu downside adalah wi-fi yang connectionyou tidak bisa streaming youtube di sana.
needs_manual_review_after_step_1_4,629,Harga,apply_missing_label_from_manual_review,none,positif,,"saya puas dengan memilih hotel santika ini, lokasi yang strategis, room service dengan valuable price, makanannya enak.",likely_missing_label,positif,0.8968,"saya puas dengan memilih hotel santika ini, lokasi yang strategis, room service dengan valuable price, makanannya enak."
needs_manual_review_after_step_1_4,1819,Pelayanan,apply_missing_label_from_manual_review,none,positif,,"semua pelayan sangat ramah, kamar nyaman dan bersih, menu makan pagi ckup bervariasi dan enak.",likely_missing_label,positif,0.8962,"semua pelayan sangat ramah, kamar nyaman dan bersih, menu makan pagi ckup bervariasi dan enak. akses ke hotel cukup mudah dan bukan di jalur macet. dan yang sangat menarik adalah pagi pagi mobil di cuci dari pihak hotel."
needs_manual_review_after_step_1_4,8901,Kebersihan,apply_missing_label_from_manual_review,none,positif,,"lokasinya yang berada di tengah kota membuat perjalanan dari hotel ke lokasi tujuan sangat mudah dicapai, lebih lanjut ada pelayanan tambahan karena setiap pagi dicuci secara cuma-cuma sehingga mobil kami tetap bersih sehingga terlihat professional saat sampai di kantor.",likely_missing_label,positif,0.8918,"hotel santika memang pilihan tepat sebagai akomodasi saat melakukan perjalanan dinas. lokasinya yang berada di tengah kota membuat perjalanan dari hotel ke lokasi tujuan sangat mudah dicapai, lebih lanjut ada pelayanan tambahan karena setiap pagi dicuci secara cuma-cuma sehingga mobil kami tetap bersih sehingga terlihat professional saat sampai di kantor."
needs_manual_review_after_step_1_4,2834,Fasilitas,apply_missing_label_from_manual_review,none,negatif,,floordrain tidak berfungsi.,likely_missing_label,negatif,0.8918,floordrain tidak berfungsi. jadi saya harus buka floordrainnya biar airnya tidak menggenang. saya bermalam di unit yang exclusive. hanya dapat buah 3 pcs. penerangan kurang. karpet di ruang family kotor banget sama sofa belum pernah di dryclean kayaknya. selain hal ini nyaman.
needs_manual_review_after_step_1_4,12915,Harga,apply_missing_label_from_manual_review,none,positif,,"tempat nyaman, bersih sesuai dengan budget, kolam renang bersih.",likely_missing_label,positif,0.8901,"tempat nyaman, bersih sesuai dengan budget, kolam renang bersih."
needs_manual_review_after_step_1_4,5539,Kebersihan,apply_missing_label_from_manual_review,none,positif,,kebersihan terjaga maksimal.,likely_missing_label,positif,0.888,kebersihan terjaga maksimal. kolam renang dengan pemandangan indah. kolam renang dengan pemandangan indah.
needs_manual_review_after_step_1_4,10012,Lokasi,apply_missing_label_from_manual_review,none,positif,,"plusnya + lokasi strategis + kamar bersih, air conditioner dingin, water heater berfungsi + makanan bervariasi + ada keterlambatan wkt cek in dari hotel tapi dikasih tambahan wkt 2 jam untuk cek out minusnya - lantai kamar mandi dekat wastafel airnya menggenang terus - tidak ada hair dryer dan kulkas - tidak ada galon",likely_missing_label,positif,0.8841,"plusnya + lokasi strategis + kamar bersih, air conditioner dingin, water heater berfungsi + makanan bervariasi + ada keterlambatan wkt cek in dari hotel tapi dikasih tambahan wkt 2 jam untuk cek out minusnya - lantai kamar mandi dekat wastafel airnya menggenang terus - tidak ada hair dryer dan kulkas - tidak ada galon isi ulang air, jd hanya dibatasi 4 botol"
needs_manual_review_after_step_1_4,7506,Pelayanan,apply_missing_label_from_manual_review,none,positif,,hotel dan layanan yang bagus.,likely_missing_label,positif,0.8839,hotel dan layanan yang bagus. lokasi agak membingungkan.
needs_manual_review_after_step_1_4,11939,Kenyamanan,apply_missing_label_from_manual_review,none,negatif,,cuma view-nya kurang menarik.,likely_missing_label,negatif,0.8835,"pelayan baik, kebersihan baik banget. cuma view-nya kurang menarik. makanan juga enak kok."
needs_manual_review_after_step_1_4,7633,Kenyamanan,apply_missing_label_from_manual_review,none,positif,,nyaman dan sarapan pagi yang nikmat.,likely_missing_label,positif,0.8761,nyaman dan sarapan pagi yang nikmat.
needs_manual_review_after_step_1_4,2293,Kenyamanan,apply_missing_label_from_manual_review,none,positif,,"cek in dan cek out cepat dan mudah, kamar pun luas dan bersih",likely_missing_label,positif,0.8736,"cek in dan cek out cepat dan mudah, kamar pun luas dan bersih"
needs_manual_review_after_step_1_4,2558,Pelayanan,apply_missing_label_from_manual_review,none,positif,,"hotelnya bagus seperti kamarnya luas, lokasi strategis dekat dengan mall, tempat parkir dan rapi, proses check-in cukup cepat.",likely_missing_label,positif,0.8719,"hotelnya bagus seperti kamarnya luas, lokasi strategis dekat dengan mall, tempat parkir dan rapi, proses check-in cukup cepat."
needs_manual_review_after_step_1_4,8861,Kebersihan,apply_missing_label_from_manual_review,none,negatif,,bau kotoran semerbak masuk kamar tidur anak kami.,likely_missing_label,negatif,0.8662,air conditioner mati dan penghisap udara kamar mandi mati. bayangkan suasana kamarnya dan baunya? bau kotoran semerbak masuk kamar tidur anak kami. tidak ada tindakan apa-apa sesudah kami mengadu ke pihak hotel.
needs_manual_review_after_step_1_4,2222,Kebersihan,apply_missing_label_from_manual_review,none,positif,,"makan pagi ok, sdh siap dari pagi kamar sblm jam 12 sudah siap mbl dicuci, good suasana dan kebersihan secara keseluruhan baik lingkungan sekitar hotel berisik",likely_missing_label,positif,0.8645,"makan pagi ok, sdh siap dari pagi kamar sblm jam 12 sudah siap mbl dicuci, good suasana dan kebersihan secara keseluruhan baik lingkungan sekitar hotel berisik"
needs_manual_review_after_step_1_4,5984,Kenyamanan,apply_missing_label_from_manual_review,none,positif,,"nyaman, lokasi strategis, receptionist nya ramah banget",likely_missing_label,positif,0.8644,"nyaman, lokasi strategis, receptionist nya ramah banget"
needs_manual_review_after_step_1_4,4228,Kebersihan,apply_missing_label_from_manual_review,none,positif,,kebersihan terjaga.,likely_missing_label,positif,0.8582,kebersihan terjaga. layanan luar biasa.
needs_manual_review_after_step_1_4,616,Kebersihan,apply_missing_label_from_manual_review,none,positif,,"hotel yang bagus dalam servis, kebersihan dan kenyamanan",likely_missing_label,positif,0.8552,"hotel yang bagus dalam servis, kebersihan dan kenyamanan"
needs_manual_review_after_step_1_4,9515,Kenyamanan,apply_missing_label_from_manual_review,none,positif,,"tempat strategis, parkiran luas, kamar bersih.",likely_missing_label,positif,0.8524,"tempat strategis, parkiran luas, kamar bersih. good"
needs_manual_review_after_step_1_4,2386,Pelayanan,apply_missing_label_from_manual_review,none,positif,,penerimaan sangat ramah.,likely_missing_label,positif,0.8511,"tempat bersih, kamar tidak terlalu besar, tapi baik lah. penerimaan sangat ramah. parkir juga luas kolam renang kelihatan dari tempat menginap, dan kelihatannya bersih dan nyaman, sayang kami tidak sempat menikmati kolam renang."
needs_manual_review_after_step_1_4,2488,Makanan,apply_missing_label_from_manual_review,none,positif,,"pelayanan bagus, fasilitas bagus, sarapannya enak",likely_missing_label,positif,0.8455,"pelayanan bagus, fasilitas bagus, sarapannya enak"
needs_manual_review_after_step_1_4,7854,Kenyamanan,apply_missing_label_from_manual_review,none,positif,,"keesokan harinya saya meminta untuk bersih-bersih, kemudian mereka memberikan perlengkapan mandi yang layak dan kopi sachet.",likely_missing_label,netral,0.8444,"saat pertama check in perlengkapan mandi tidak ada. bahkan gula pasirnya keras, kami pikir layanan kamar akan datang nanti untuk diisi karena mungkin ini adalah kebijakan hotel. keesokan harinya saya meminta untuk bersih-bersih, kemudian mereka memberikan perlengkapan mandi yang layak dan kopi sachet. tidak ada parkir gratis untuk tamu, tempat parkir terbatas dan mereka menunjukkan mal di dekat taman dan masih tidak ada parkir gratis"
needs_manual_review_after_step_1_4,5719,Fasilitas,apply_missing_label_from_manual_review,none,negatif,,"lokasi strstegis, makan pagi baik, cuma air panas kurang dan shower kurang kencang.",likely_missing_label,negatif,0.8444,"lokasi strstegis, makan pagi baik, cuma air panas kurang dan shower kurang kencang."
needs_manual_review_after_step_1_4,9361,Kenyamanan,apply_missing_label_from_manual_review,none,positif,,"tempatnya cukup strategis, kamar bersih dan rapi.",likely_missing_label,positif,0.8439,"tempatnya cukup strategis, kamar bersih dan rapi. recommended bagi yang bawa keluarga."
needs_manual_review_after_step_1_4,2468,Kebersihan,apply_missing_label_from_manual_review,none,positif,,kenyamanan untuk keluarga dan kebersihan juga tempatnya strategis,likely_missing_label,positif,0.8437,kenyamanan untuk keluarga dan kebersihan juga tempatnya strategis
needs_manual_review_after_step_1_4,2311,Kenyamanan,apply_missing_label_from_manual_review,none,positif,,"kamar yang sangat nyaman, staf yang sangat raman, dan makanan yang lezat untuk dinikmati",likely_missing_label,positif,0.8354,"kamar yang sangat nyaman, staf yang sangat raman, dan makanan yang lezat untuk dinikmati"
needs_manual_review_after_step_1_4,6487,Kenyamanan,apply_missing_label_from_manual_review,none,positif,,"lokasi strategis, sangat bersih dan nyaman.",likely_missing_label,positif,0.8347,"lokasi strategis, sangat bersih dan nyaman. pelayanan ramah dan cepat. breakfast enak dan banyak menunya. saya puas."
needs_manual_review_after_step_1_4,2558,Kenyamanan,apply_missing_label_from_manual_review,none,positif,,"hotelnya bagus seperti kamarnya luas, lokasi strategis dekat dengan mall, tempat parkir dan rapi, proses check-in cukup cepat.",likely_missing_label,positif,0.8267,"hotelnya bagus seperti kamarnya luas, lokasi strategis dekat dengan mall, tempat parkir dan rapi, proses check-in cukup cepat."
needs_manual_review_after_step_1_4,12145,Kebersihan,apply_missing_label_from_manual_review,none,positif,,"puas banget sama pelayanan, kebersihan dan fasilitasnya.",likely_missing_label,positif,0.826,"puas banget sama pelayanan, kebersihan dan fasilitasnya. cuma pas di kamar saya air conditioner nya kurang dingin padahal temperatur sudah paling kecil. overall baik kok tapi! bakal staycation ke sini lagi next time."
needs_manual_review_after_step_1_4,2468,Kenyamanan,apply_missing_label_from_manual_review,none,positif,,kenyamanan untuk keluarga dan kebersihan juga tempatnya strategis,likely_missing_label,positif,0.8227,kenyamanan untuk keluarga dan kebersihan juga tempatnya strategis
needs_manual_review_after_step_1_4,9551,Fasilitas,apply_missing_label_from_manual_review,none,positif,,"liburan bareng keluarga kecil, pelayanan ramah, makanan kecil murah dan bisa makan di kolam renang juga, kamar nyaman.",likely_missing_label,positif,0.8199,"liburan bareng keluarga kecil, pelayanan ramah, makanan kecil murah dan bisa makan di kolam renang juga, kamar nyaman."
needs_manual_review_after_step_1_4,7652,Kenyamanan,apply_missing_label_from_manual_review,none,positif,,"kamar bersih, sarapan baik, dekat dengan mall.",likely_missing_label,positif,0.8123,"menyenangkan. kamar bersih, sarapan baik, dekat dengan mall."
needs_manual_review_after_step_1_4,1650,Pelayanan,apply_missing_label_from_manual_review,none,negatif,,"kami check ini terlambat, dateng jam setengah dua belas malam, tanpa basa-basi dan birokrasi yang panjang, kami langsung dapet kunci kamar.",likely_missing_label,negatif,0.8095,"kami check ini terlambat, dateng jam setengah dua belas malam, tanpa basa-basi dan birokrasi yang panjang, kami langsung dapet kunci kamar. kami pilih kamar dengan bed twin walopun serasa sempit bahkan untuk 1 orang, interior kamar yang minimalis modern enak dipandang dan view gunung dan kota bogor. pagi hari kami sarapan, dengan menu yang beraneka macam dan enak2. sedikit kendala, kami tidak diberi tahu kalau mobil keluar masuk hotel, apakah kami bisa dapet voucher parkir, akhirnya keluar masuk hotel kami bayar parkir lagi selama dua hari, lumayan lah."
needs_manual_review_after_step_1_4,2429,Kebersihan,apply_missing_label_from_manual_review,none,positif,,"lokasi sangat bagus dekat pusat perbelanjaan, kebersihan luar biasa dengan staf yang ramah, makanan sederhana namun lezat",likely_missing_label,positif,0.8078,"lokasi sangat bagus dekat pusat perbelanjaan, kebersihan luar biasa dengan staf yang ramah, makanan sederhana namun lezat"
needs_manual_review_after_step_1_4,7989,Lokasi,apply_missing_label_from_manual_review,none,positif,,"tempat sangat strategis, parkinya mudah, check-in cepat.",likely_missing_label,positif,0.8076,"tempat sangat strategis, parkinya mudah, check-in cepat. pelayanan sangat ramah, handuk sprei dan bersih. air conditioner dan water heater berfungsi dengan baik, tapi tidak ada hair dryer."
needs_manual_review_after_step_1_4,3585,Kenyamanan,apply_missing_label_from_manual_review,none,positif,,"bagus, bersih, nyaman.",likely_missing_label,positif,0.8049,"bagus, bersih, nyaman. top pokoknya"
needs_manual_review_after_step_1_4,1988,Kebersihan,apply_missing_label_from_manual_review,none,positif,,mereka sepertinya tidak memperhatikan kebersihan kamar dan kehilangan perhatian pada detail.,likely_missing_label,negatif,0.804,"ini bukan pertama kalinya saya menginap di hotel ini, dan saya juga telah menginap di beberapa santika. namun, saya harus mengatakan ini adalah saat terburuk yang pernah saya alami di santika cirebon dimana saya menemukan kamar saya penuh dengan nyamuk berdarah dan rambut di lantai. mereka sepertinya tidak memperhatikan kebersihan kamar dan kehilangan perhatian pada detail. lain kali saya mengunjungi cirebon, saya mungkin tidak akan memilih hotel ini lagi karena ada hotel bintang 4 baru (yang luar biasa) lebih murah daripada santika cirebon bintang 3."
needs_manual_review_after_step_1_4,4486,Fasilitas,resolve_sentiment_by_text_evidence,netral,positif,parkir nyaman.,parkir nyaman.,possible_sentiment_label_review,positif,0.9207,akses mudah ke tempat-tempat terkenal. parkir nyaman. suasana kolam tenang.
needs_manual_review_after_step_1_4,3979,Kebersihan,resolve_sentiment_by_text_evidence,netral,negatif,hotel lama toilet sudah direnovasi. sprei dan handuk sudah agak lusuh,"hotel lama toilet sudah direnovasi, breakfast lumayan minusnya sprei dan handuk sudah agak lusuh, sangat kurang colokan listrik.",possible_sentiment_label_review,negatif,0.855,"hotel lama toilet sudah direnovasi, breakfast lumayan minusnya sprei dan handuk sudah agak lusuh, sangat kurang colokan listrik."
needs_manual_review_after_step_1_4,6797,Harga,resolve_sentiment_by_text_evidence,netral,negatif,"gymnya terlalu kecil, kualitas makan malamnya tidak sepadan harga.","gymnya terlalu kecil, kualitas makan malamnya tidak sepadan harga.",possible_sentiment_label_review,negatif,0.8512,"gymnya terlalu kecil, kualitas makan malamnya tidak sepadan harga."
needs_manual_review_after_step_1_4,7120,Kenyamanan,resolve_sentiment_by_text_evidence,netral,positif,"ramah, nyaman","ramah, nyaman hanya terlalu bebas untuk smoking: (",possible_sentiment_label_review,negatif,0.8468,"ramah, nyaman hanya terlalu bebas untuk smoking: ("
needs_manual_review_after_step_1_4,8270,Makanan,resolve_sentiment_by_text_evidence,positif,positif,sarapan kualitas makanan baik,kamar baik layanan kamar miskin sarapan kualitas makanan baik,possible_sentiment_label_review,negatif,0.8063,kamar baik layanan kamar miskin sarapan kualitas makanan baik
needs_manual_review_after_step_1_4,10297,Pelayanan,resolve_sentiment_by_text_evidence,negatif,negatif,resepsionis memberi tahu saya bahwa kolam ditutup selama pandemi. staf dengan tegas mengatakan ada pengumuman yang sesuai tentang penutupan kolam umum di aplikasi yang saya anggap sebagai kebohongan sederhana,"ketika saya mulai check-in, resepsionis memberi tahu saya bahwa kolam ditutup selama pandemi.",possible_sentiment_label_review,netral,0.7937,"saya bepergian dengan anak-anak jadi saya mencari hotel. di area dengan kolam renang. hasil pencarian menunjukkan akomodasi ini memiliki kolam renang. itulah alasan saya memilihnya. ketika saya mulai check-in, resepsionis memberi tahu saya bahwa kolam ditutup selama pandemi. saya kesal dan anak-anak kecewa. staf dengan tegas mengatakan, ada pengumuman yang sesuai tentang penutupan kolam umum di aplikasi, yang saya anggap sebagai kebohongan sederhana dan saran yang berani bahwa saya tidak cukup berhati-hati dalam proses pemesanan saya, yang sama sekali tidak benar dan sangat mengganggu untuk didengar."
needs_manual_review_after_step_1_4,330,Kenyamanan,resolve_sentiment_by_text_evidence,netral,positif,"kamar standar tapi bersih dan luas, dapatkan lantai tinggi untuk pemandangan lebih baik.","kamar standar tapi bersih dan luas, dapatkan lantai tinggi untuk pemandangan lebih baik.",possible_sentiment_label_review,positif,0.7526,"ini mungkin salah satu hotel bernilai terbaik di bandung. terletak di pusat kota, kamar dan layanan bagus. kamar standar tapi bersih dan luas, dapatkan lantai tinggi untuk pemandangan lebih baik."
needs_manual_review_after_step_1_4,3852,Fasilitas,resolve_sentiment_by_text_evidence,netral,positif,fasilitas nya baik | tempat parkiran mobilnya tolong di perluas lagi,yang saya sukai: - fasilitas nya baik - makanan nya baik - karyawan nya ramah2 - tempatnya strategis saran: - tempat parkiran mobilnya tolong di perluas lagi.,possible_sentiment_label_review,negatif,0.7408,yang saya sukai: - fasilitas nya baik - makanan nya baik - karyawan nya ramah2 - tempatnya strategis saran: - tempat parkiran mobilnya tolong di perluas lagi.
needs_manual_review_after_step_1_4,5467,Kenyamanan,clear_aspect_no_sufficient_evidence,negatif,none,saluran pembuangan shower lambat,,sentiment_conflict_needs_expert,netral,0.994,"kami menginap di kamar 616. saluran pembuangan shower lambat meskipun kotoran/rambut sudah dibersihkan oleh staf hotel. lokasi hotel cukup bagus, memiliki akses langsung ke pusat perbelanjaan botany square. dan botanic. "
needs_manual_review_after_step_1_4,1200,Kenyamanan,change_neutral_sentiment_after_manual_review,netral,negatif,"terlalu kecil, aku tidak mendapat pemandangan dari kamarku, menurutku itu kamar yang","santika bogor bagus, kamarnya terlalu polos, tidak ada lukisan, tvnya terlalu kecil, aku tidak mendapat pemandangan dari kamarku, menurutku itu kamar yang terisolasi.",sentiment_conflict_needs_expert,negatif,0.974,"santika bogor bagus, kamarnya terlalu polos, tidak ada lukisan, tvnya terlalu kecil, aku tidak mendapat pemandangan dari kamarku, menurutku itu kamar yang terisolasi. sarapannya baik, orangnya baik tapi terlalu ramai jadi ketika saya minta piring, mereka memberi saya piring kotor dengan saus di dasar piring. tempat parkir sangat ramai, tidak ada ruang untuk tamu karena ini adalah tempat yang sama untuk mal."
needs_manual_review_after_step_1_4,2080,Kenyamanan,change_neutral_sentiment_after_manual_review,netral,negatif,hotel tua yang menempati lahan luas dan lokasi yang strategis.,"sarapan alakadarnya, lokasi seputar kolam tidak terawat, air conditioner tidak dingin, kamar mandi bau, kunci hotel sudah jadul, balkoni depan jendela kotor banget, area deket lift d lobi gelap, terkesan kotor.",sentiment_conflict_needs_expert,negatif,0.9675,"hotel tua yang menempati lahan luas dan lokasi yang strategis. seharusnya bisa mempertahankan ""keklasikan"" hotel santika yang sudah terkenal. sayangnya tidak bisa menjaga itu. sarapan alakadarnya, lokasi seputar kolam tidak terawat, air conditioner tidak dingin, kamar mandi bau, kunci hotel sudah jadul, balkoni depan jendela kotor banget, area deket lift d lobi gelap, terkesan kotor. semoga segera diperbaiki ya"
needs_manual_review_after_step_1_4,1630,Harga,change_neutral_sentiment_after_manual_review,netral,positif,"kurang mengesankan, untuk harga yang di bayarkan tidak sesuai, hal yang perlu di perbaiki 1.","kurang mengesankan, untuk harga yang di bayarkan tidak sesuai, hal yang perlu di perbaiki 1.",sentiment_conflict_needs_expert,negatif,0.9617,"kurang mengesankan, untuk harga yang di bayarkan tidak sesuai, hal yang perlu di perbaiki 1. breakfast menu: dikit sekali, dan rasanya kurang enak. saya pernah menginap di santika lainnya tidak seperti ini 2. kamar sempit dan kurang luas 3. kunci kamar tidak bisa mendapatkan 2 4. tidak ada tempat bermain untuk anak-anak secara keseluruhan kurang memuaskan"
needs_manual_review_after_step_1_4,697,Fasilitas,clear_aspect_no_sufficient_evidence,negatif,none,secara keseluruhan fasilitas terasa agak tua,,sentiment_conflict_needs_expert,netral,0.9613,"lokasinya bagus karena bersebelahan dengan pusat perbelanjaan sehingga tidak perlu jauh-jauh. namun secara keseluruhan fasilitas terasa agak tua, mungkin karena hotelnya sudah tua. stafnya ramah, saya suka lokasinya, dan harganya. juga, ada pembangunan yang sedang berlangsung di sebelah, jadi saya tidur siang, tapi selain kebisingan, saya tidak punya keluhan."
needs_manual_review_after_step_1_4,1635,Fasilitas,change_sentiment_after_manual_review,netral,negatif,"tetapi, fasilitas amenities di kamar mandi sangat minim.","tetapi, fasilitas amenities di kamar mandi sangat minim.",sentiment_conflict_needs_expert,negatif,0.9545,"terletak di lokasi yang strategis untuk perjalanan dari jakarta, dengan lokasi yang berdampingan dengan botani square menambah kenyamanan dalam liburan. tetapi, fasilitas amenities di kamar mandi sangat minim. cocok untuk tempat menginap keluarga yang melakukan perjalanan ke bogor hanya untuk sekedar jalan2."
needs_manual_review_after_step_1_4,14094,Makanan,change_neutral_sentiment_after_manual_review,netral,negatif,makanan enak cuma biasa-biasa saja,makanan enak cuma biasa-biasa saja.,sentiment_conflict_needs_expert,negatif,0.9476,pelayanan baik cuma kamar 202 agak bagaimana gitu horor. makanan enak cuma biasa-biasa saja.
needs_manual_review_after_step_1_4,1630,Makanan,change_neutral_sentiment_after_manual_review,netral,negatif,"breakfast menu: dikit sekali, dan rasanya kurang enak.","breakfast menu: dikit sekali, dan rasanya kurang enak.",sentiment_conflict_needs_expert,negatif,0.9472,"kurang mengesankan, untuk harga yang di bayarkan tidak sesuai, hal yang perlu di perbaiki 1. breakfast menu: dikit sekali, dan rasanya kurang enak. saya pernah menginap di santika lainnya tidak seperti ini 2. kamar sempit dan kurang luas 3. kunci kamar tidak bisa mendapatkan 2 4. tidak ada tempat bermain untuk anak-anak secara keseluruhan kurang memuaskan"
needs_manual_review_after_step_1_4,1136,Fasilitas,change_sentiment_after_manual_review,positif,negatif,saja hanya saja transmisi televisi sering terputus dan beberapa saluran meskipun,ruangan itu baik-baik saja hanya saja transmisi televisi sering terputus dan beberapa saluran meskipun ditunjukkan dalam daftar tidak ada,sentiment_conflict_needs_expert,negatif,0.9434,"karena hujan selalu turun di sore hari, kami dapat, di waktu senggang, berbelanja atau makan malam tanpa basah kuyup atau harus mencari taksi dengan panik. sarapannya memuaskan. ruangan itu baik-baik saja hanya saja transmisi televisi sering terputus dan beberapa saluran meskipun ditunjukkan dalam daftar tidak ada"
needs_manual_review_after_step_1_4,1834,Fasilitas,clear_aspect_no_sufficient_evidence,positif,none,fasilitasnya lengkap dan anda juga bisa meminta fasilitas,,sentiment_conflict_needs_expert,netral,0.9304,"menginap semalam, kamarnya sangat bersih, stafnya cepat tanggap dan sangat ramah. fasilitasnya lengkap dan anda juga bisa meminta fasilitas lain seperti pengering rambut dan staf akan mengirimkannya ke kamar anda. sarapannya enak tapi tidak ada yang luar biasa tentang sarapan. tampilan hotelnya mungkin agak tua tapi secara keseluruhan sepadan dengan harganya."
needs_manual_review_after_step_1_4,1115,Fasilitas,change_sentiment_after_manual_review,netral,positif,wi-fi berkecepatan tinggi dan cukup stabil.,wi-fi berkecepatan tinggi dan cukup stabil.,sentiment_conflict_needs_expert,positif,0.9286,"saya pernah menginap di grup hotel santika di indonesia, seperti malang dan balikpapang. sama seperti hotel lainnya, staf santika bogor terlatih dan ramah. kamarnya sederhana tapi baik untuk menginap. wi-fi berkecepatan tinggi dan cukup stabil. hotel terletak tepat di sebelah pusat perbelanjaan anda bisa mendapatkan semuanya di sana."
needs_manual_review_after_step_1_4,2022,Harga,change_neutral_sentiment_after_manual_review,netral,positif,harga masuk akal.,harga masuk akal.,sentiment_conflict_needs_expert,positif,0.9236,"cirebon adalah kota kecil. tidak banyak hotel bagus untuk dipilih. yang terbaik adalah hotel ini. saya sudah menginap 1 malam di hotel tersebut. staf hotel sangat ramah. lokasinya bagus. harga masuk akal. jika ke cirebon, saya mungkin akan memilih hotel ini lagi."
needs_manual_review_after_step_1_4,2860,Fasilitas,change_neutral_sentiment_after_manual_review,netral,negatif,fasilitas kamar mandi juga lengkap. fasilitas wi-fi yang amat sangat lambat,"namun yang paling mengecewakan untuk kami adalah fasilitas wi-fi yang amat sangat lambat, bahkan tidak bisa kami gunakan sama sekali.",sentiment_conflict_needs_expert,negatif,0.9211,"lokasi di mall dengan banyak pilihan restoran bahkan departemen store. air minum yang disediakan lebih banyak dari standar hotel lain, yaitu 4 botol dengan ukuran sedang. kenyamanan tidur sangat memuaskan dengan bed yang sangat nyaman dan 2 bantal yang nyaman di masing masing bed (twin). kondisi kamar sangat bersih dan fasilitas kamar mandi juga lengkap. yang cukup mengganggu adalah suhu air shower yang sangat tidak stabil, panas dingin bergantian. namun yang paling mengecewakan untuk kami adalah fasilitas wi-fi yang amat sangat lambat, bahkan tidak bisa kami gunakan sama sekali."
needs_manual_review_after_step_1_4,1834,Makanan,clear_aspect_no_sufficient_evidence,positif,none,sarapannya enak tapi tidak ada yang luar biasa tentang sarapan.,,sentiment_conflict_needs_expert,netral,0.9211,"menginap semalam, kamarnya sangat bersih, stafnya cepat tanggap dan sangat ramah. fasilitasnya lengkap dan anda juga bisa meminta fasilitas lain seperti pengering rambut dan staf akan mengirimkannya ke kamar anda. sarapannya enak tapi tidak ada yang luar biasa tentang sarapan. tampilan hotelnya mungkin agak tua tapi secara keseluruhan sepadan dengan harganya."
needs_manual_review_after_step_1_4,105,Kebersihan,change_neutral_sentiment_after_manual_review,netral,positif,"kebersihan cukup baik, hanya sedikit yang perlu diperhatikan yaitu mengganti seprai tidur yang nampak sudah tua dan ada noda","hotel yang termasuk sudah legendaris ini terletak di pusat kota, mall hanya tinggal melangkah kesebrang, staf yang ramah, kebersihan cukup baik, hanya sedikit yang perlu diperhatikan yaitu mengganti seprai tidur yang nampak sudah tua dan ada noda yang tidak dapat dibersihkan.",sentiment_conflict_needs_expert,negatif,0.9174,"hotel yang termasuk sudah legendaris ini terletak di pusat kota, mall hanya tinggal melangkah kesebrang, staf yang ramah, kebersihan cukup baik, hanya sedikit yang perlu diperhatikan yaitu mengganti seprai tidur yang nampak sudah tua dan ada noda yang tidak dapat dibersihkan."
needs_manual_review_after_step_1_4,12637,Pelayanan,change_sentiment_after_manual_review,negatif,positif,karyawannya ramah,"yang jadi nilai tambah adalah karyawannya ramah, akses yang mudah ke mall mega city, dan menu breakfastnya benar2 kualitas santika: enak dan amat bervariasi.",sentiment_conflict_needs_expert,positif,0.8976,"saya pesan superior king, karena sesuatu hal di free upgrade ke deluxe king. kamar tidak ada kulkas, lemari, bath tub. baru dapat fasilitas tsb sprtinya di kelas premier. wi-fi tidak bisa digunakan. kartu akses hnya bisa diberikan 1 dan ini menyulitkan, terutama karena berpergian bersama anak2. agak sulit menghubungi fo, beberapa kali telpon tidak diangkat. banyak hal yang tidak sesuai dengan buku hotel information. balkon yang jdi nilai tambah kamar deluxe, ternyata dikunci, dan kunci tidak bisa ditinggal di kamar. yang jadi nilai tambah adalah karyawannya ramah, akses yang mudah ke mall mega city, dan menu breakfastnya benar2 kualitas santika: enak dan amat bervariasi. kamarnya juga luas, semua fasilitas lain sprti ac- tv- bathroom shower-electric pot, berfungsi baik. ada kolam renang dan gym."
needs_manual_review_after_step_1_4,12378,Makanan,clear_aspect_no_sufficient_evidence,positif,none,breakfastnya tidak pernah ngecewain,,sentiment_conflict_needs_expert,negatif,0.8901,breakfastnya tidak pernah ngecewain. fasilitas juga baik. tapi sayang kamarnya lebih nyaman yang non smoking. kamar yang smoking room tidak nyaman.
needs_manual_review_after_step_1_4,503,Pelayanan,change_neutral_sentiment_after_manual_review,netral,positif,pelayanan cukup ramah,"hotel lokasi strategis, pelayanan cukup ramah, namun ada beberapa yang menjadi catatan perbaikan: 1.",sentiment_conflict_needs_expert,positif,0.889,"hotel lokasi strategis, pelayanan cukup ramah, namun ada beberapa yang menjadi catatan perbaikan: 1. kondisi air conditioner panas 2. kebersihan perlu ditingkatkan"
needs_manual_review_after_step_1_4,10630,Pelayanan,clear_aspect_no_sufficient_evidence,positif,none,kalau untuk pelayanan dan fasilitas sih tidak usah ditanya santika hotel top deh,,sentiment_conflict_needs_expert,netral,0.8802,"sebulan sekali saya pasti menginap di hotel santika depok. saya memilih hotel ini selain karena kenyamanannya juga karena praktis. hotel santika depok terhubung langsung dengan di mal. situasi kota depok yang macet setiap kali weekend membuat saya harus mencari semua yang serba praktis, agar waktu tidak habis dijalan. kalau untuk pelayanan dan fasilitas sih tidak usah ditanya, santika hotel top deh"
needs_manual_review_after_step_1_4,12415,Kenyamanan,change_sentiment_after_manual_review,netral,positif,air conditioner kurang dingin,"karena sudah cukup malam kami malas komplain dan biarkan saja, syukurlah tambah malam tambah dingin, letak hotel di pusat kota, dekat dengan stasiun, lobby-nya di lantai 5 mega mal giant, pelayanan ramah, security ramah, makanan cukup lah variannya.",sentiment_conflict_needs_expert,negatif,0.8742,"hari pertama di hotel ini kesannya cukup enak. kebetulan karena type kamar yang kami pesan habis, kamar kami diupdgrade ke type deluxe. pertama kali masuk kamar memang berasa air conditioner kurang dingin (sesuai ulasan review dari orang-orang). karena sudah cukup malam kami malas komplain dan biarkan saja, syukurlah tambah malam tambah dingin, letak hotel di pusat kota, dekat dengan stasiun, lobby-nya di lantai 5 mega mal giant, pelayanan ramah, security ramah, makanan cukup lah variannya. butuh kebutuhan apa apa tinggal turun ada giant, atm dan lain-lain lengkap. dan akhirnya kita memutuskan extend lagi."
needs_manual_review_after_step_1_4,2038,Makanan,change_sentiment_after_manual_review,netral,positif,"restoran ini menawarkan hidangan dalam jumlah terbatas, tetapi sangat lezat dan harganya masuk akal.",sarapan sebagian besar adalah makanan indonesia.,sentiment_conflict_needs_expert,positif,0.8734,"hotel santika cukup kecil, namun tamannya indah. kolam renangnya besar dan rasanya seperti surga tropis. restoran ini menawarkan hidangan dalam jumlah terbatas, tetapi sangat lezat dan harganya masuk akal. sarapan sebagian besar adalah makanan indonesia. sebagai orang asing, kami tidak senang dengan pilihan terbatas di luar harga lokal, tetapi pilihan buahnya sangat bagus. seperti kebanyakan tempat di indonesia, stafnya ramah, ramah dan hangat. mereka sangat ingin membantu dan menyenangkan dan itu membuat kunjungan kami menyenangkan meskipun faktanya ciberon adalah kota kecil tanpa banyak atraksi. tidak ada restoran bagus atau tempat menarik untuk dikunjungi. kami masih mencoba mencari tahu bagaimana kami dibujuk untuk pergi ke sana! tapi kami menemukan bahwa kota ini memiliki batik yang luar biasa dan itu membuat perjalanan kami berharga. salah satu kelemahan utama mengunjungi kota kecil di indonesia adalah hampir tidak ada orang yang mengerti/berbicara bahasa inggris. meskipun kami memiliki buku ungkapan kecil, sulit untuk menggunakannya. namun, di hotel, semua staf berbicara bahasa inggris cukup untuk membuat kunjungan ini menyenangkan. saya akan merekomendasikan tempat ini hanya jika anda harus pergi ke cirebon dan hanya jika anda mencari beberapa hari untuk beristirahat."
needs_manual_review_after_step_1_4,5467,Pelayanan,clear_aspect_no_sufficient_evidence,negatif,none,saluran pembuangan shower lambat meskipun kotoran/rambut sudah dibersihkan oleh staf hotel.,,sentiment_conflict_needs_expert,positif,0.8698,"kami menginap di kamar 616. saluran pembuangan shower lambat meskipun kotoran/rambut sudah dibersihkan oleh staf hotel. lokasi hotel cukup bagus, memiliki akses langsung ke pusat perbelanjaan botany square. dan botanic. "
needs_manual_review_after_step_1_4,5488,Kenyamanan,change_neutral_sentiment_after_manual_review,netral,positif,hotel aga tua tapi tetep nyaman. di kamar berisik sekali bunyi mesin,"baik untuk frontliner, service dari team di resto, kamar lega dingin amenities baik, hotel aga tua tapi tetep nyaman overall hanya dari interior design ada mark atau kerusakan sedikit2 saja tapi tidak mempengaruhi kenyamanan.",sentiment_conflict_needs_expert,negatif,0.869,"baik untuk frontliner, service dari team di resto, kamar lega dingin amenities baik, hotel aga tua tapi tetep nyaman overall hanya dari interior design ada mark atau kerusakan sedikit2 saja tapi tidak mempengaruhi kenyamanan. cuma yang sangat kurang adalah saya menginap di kamar 305, kenyamanan saat tidur sangat kurang karena di kamar berisik sekali bunyi mesin gitu entah dari air conditioner atau apa didalam kamar dan membuat tidur tidak nyenyak dan itu terjadi di malam hari. sudah disampaikan ke frontliner tapi tidak ada tanggapan lebih lanjut hanya memastikan ""tapi dingin kan bu"". yaudah itu aja. "
needs_manual_review_after_step_1_4,2366,Fasilitas,change_neutral_sentiment_after_manual_review,netral,positif,hotel nya bersih dan nyaman serta kolam renang besar dan bersih dan kamar nya besar dan harga,hotel nya bersih dan nyaman serta kolam renang besar dan bersih dan kamar nya besar dan harga nya terjangkau,sentiment_conflict_needs_expert,positif,0.869,hotel nya bersih dan nyaman serta kolam renang besar dan bersih dan kamar nya besar dan harga nya terjangkau
needs_manual_review_after_step_1_4,668,Fasilitas,change_sentiment_after_manual_review,netral,negatif,kekurangannya yaitu lobby kecil sehingga tempat duduk sedikit.,kekurangannya yaitu lobby kecil sehingga tempat duduk sedikit.,sentiment_conflict_needs_expert,negatif,0.867,"lokasi hotel yang strategis, dilalui taksi dan angkutan kota berbagai jurusan dan dikelilingi mal, pertokoan dan ""factory outlets"" serta dekat dengan berbagai sekolah dan perguruan tinggi. meskipun ukuran hotel tidak luas tapi cukup nyaman. kekurangannya yaitu lobby kecil sehingga tempat duduk sedikit. juga tidak tersedia ""hair dryer"" di kamar meskipun sebelumnya saya baca di internet bahwa di kamar tersedia hair dryer. yang membuat saya lebih senang adalah saat itu kamar saya di-upgrade ke tipe yang lebih tinggi meskipun tidak diminta."
needs_manual_review_after_step_1_4,836,Kebersihan,change_neutral_sentiment_after_manual_review,netral,positif,"kalau meja diluar ruangan sangat kotor, hingga mengingatkan mereka untuk membersihkan","tidak sadar kalau meja diluar ruangan sangat kotor, hingga mengingatkan mereka untuk membersihkan meja dan menjadikannya bersih dan rapi.",sentiment_conflict_needs_expert,negatif,0.8657,"lokasi bagus, dalam hal layanan staf, ini bagus dari tim fo dan dilakukan dengan baik. tapi untuk f b service pelayanannya buruk apalagi saat sarapan pagi ini tidak tersenyum dan terkesan tidak ramah. beberapa staf layanan f b tidak mengetahui beberapa item sarapan kosong dan hanya melihat sekeliling sampai saya membawakan item tersebut kepada mereka yang kosong. tidak sadar kalau meja diluar ruangan sangat kotor, hingga mengingatkan mereka untuk membersihkan meja dan menjadikannya bersih dan rapi. ayolah, anda orang yang suka menerima tamu tapi kenapa anda semua hanya melihat sekeliling dan tidak sadar dengan meja kerja anda. mohon manajemen hotel santika meninjau tim layanan f b dan menjadikannya layanan yang tulus. mungkin dalam waktu dekat pelayanan yang lebih baik terutama pada waktu sarapan."
needs_manual_review_after_step_1_4,1713,Lokasi,change_neutral_sentiment_after_manual_review,netral,positif,"lokasi sangat bagus, ada pusat perbelanjaan dan restoran di dekatnya.","lokasi sangat bagus, ada pusat perbelanjaan dan restoran di dekatnya.",sentiment_conflict_needs_expert,positif,0.8605,"ini adalah hotel yang cukup tua tapi terawat dengan baik. kamarnya bersih dan luas, stafnya sangat baik dan ramah. sarapannya bisa lebih baik, perlu ditingkatkan. lokasi sangat bagus, ada pusat perbelanjaan dan restoran di dekatnya."
needs_manual_review_after_step_1_4,6818,Fasilitas,change_sentiment_after_manual_review,netral,positif,kamar dan lift yang mulai termakan zaman.,kamar dan lift yang mulai termakan zaman.,sentiment_conflict_needs_expert,negatif,0.8605,kamar dan lift yang mulai termakan zaman. kurang nyaman
needs_manual_review_after_step_1_4,6158,Fasilitas,clear_aspect_no_sufficient_evidence,positif,none,"proses cek in mudah, fasilitas biasa saja.",,sentiment_conflict_needs_expert,netral,0.8589,"proses cek in mudah, fasilitas biasa saja."
needs_manual_review_after_step_1_4,1834,Pelayanan,change_neutral_sentiment_after_manual_review,netral,positif,lain seperti pengering rambut dan staf akan mengirimkannya ke kamar anda,"menginap semalam, kamarnya sangat bersih, stafnya cepat tanggap dan sangat ramah.",sentiment_conflict_needs_expert,positif,0.8511,"menginap semalam, kamarnya sangat bersih, stafnya cepat tanggap dan sangat ramah. fasilitasnya lengkap dan anda juga bisa meminta fasilitas lain seperti pengering rambut dan staf akan mengirimkannya ke kamar anda. sarapannya enak tapi tidak ada yang luar biasa tentang sarapan. tampilan hotelnya mungkin agak tua tapi secara keseluruhan sepadan dengan harganya."
needs_manual_review_after_step_1_4,4782,Fasilitas,change_neutral_sentiment_after_manual_review,netral,positif,"bersih banget dan untuk saluran televisi nya banyak semutnya, tapi hampir semua baik sii","pengalaman yang memuaskan, kamar agak sempit sii hehehe, cuma bersih banget dan untuk saluran televisi nya banyak semutnya, tapi hampir semua baik sii, dari pelayanan receptions nya yang ramah tamah.",sentiment_conflict_needs_expert,negatif,0.8439,"pengalaman yang memuaskan, kamar agak sempit sii hehehe, cuma bersih banget dan untuk saluran televisi nya banyak semutnya, tapi hampir semua baik sii, dari pelayanan receptions nya yang ramah tamah. okonya bagus"
needs_manual_review_after_step_1_4,7823,Makanan,clear_aspect_no_sufficient_evidence,negatif,none,untuk breakfast kurang variatif menunya,,sentiment_conflict_needs_expert,positif,0.8424,"review dikit menginap disana. pegawai ramah semua. check-in dan check-out cepat. kamar sama kaya di gambar. minta request jendela dengan view dikasih. complimentary kamar free. air conditioner dingin. water heater dan exhaush fan baik. malam hari saya minta tolong pihak dapur untuk hangat makanan dilayani dengan baik dan cepat, sedikit saran, tempat sampah dikamar dan dikamar mandi kalau bisa bukanya yang di tekan pake kaki, gang yang tutupnya bisa di copot gt soalnya jadi dimaenin anak yang belum paham kalau itu tempat sampah. terus untuk kamar mandinya tidak ada sabun cair untuk cuci tangan, dikasihnya malah yang batang. agak repot ya. ini hotelnya tempel banget sama botani, karena covid, bayi gabisa masuk sana. tapi nyari makan banyak, bisa gojek dan enak-enak ko. parkiran juga gabung sama mal. buat yang menginap disana jangan lupa tiket parkirnya distempel sama pihak hotel biar free. untuk breakfast kurang variatif menunya, apalagi untuk rotinya, dikit banget. tidak ada roti tawar dan selai. overall baik ko. 8/10. terima kasih ya."
needs_manual_review_after_step_1_4,2327,Makanan,change_neutral_sentiment_after_manual_review,netral,positif,breakfast disediakan makanan khas cirebon.,"staf melayani dengan ramah, kamar langsung tersedia tanpa harus menunggu, kondisi kamar bersih, kolam renang untuk anak-anak juga memadai.",sentiment_conflict_needs_expert,positif,0.84,"staf melayani dengan ramah, kamar langsung tersedia tanpa harus menunggu, kondisi kamar bersih, kolam renang untuk anak-anak juga memadai. breakfast disediakan makanan khas cirebon. lokasi dekat dengan wisata kuliner empal gentong mang dharma."
needs_manual_review_after_step_1_4,7245,Makanan,change_neutral_sentiment_after_manual_review,netral,positif,"sarapan lumayan, namun tidak se-variatif hotel santika di kota lain","hotel dengan lokasi strategis, model bangunan dan kamar bentuk lama namun tetap nyaman, pelayanan cepat dan ramah, sarapan lumayan, namun tidak se-variatif hotel santika di kota lain.",sentiment_conflict_needs_expert,negatif,0.8341,"hotel dengan lokasi strategis, model bangunan dan kamar bentuk lama namun tetap nyaman, pelayanan cepat dan ramah, sarapan lumayan, namun tidak se-variatif hotel santika di kota lain."
needs_manual_review_after_step_1_4,1385,Fasilitas,change_neutral_sentiment_after_manual_review,netral,positif,"overall baik banget, hanya parkir kendaraan yang kurang baik karena kalau keluar","hotel bersih dan nyaman, overall baik banget, hanya parkir kendaraan yang kurang baik karena kalau keluar cari2 petugasnya dulu",sentiment_conflict_needs_expert,negatif,0.8325,"hotel bersih dan nyaman, overall baik banget, hanya parkir kendaraan yang kurang baik karena kalau keluar cari2 petugasnya dulu"
needs_manual_review_after_step_1_4,1906,Makanan,change_sentiment_after_manual_review,positif,negatif,variasi sarapan cukup baik tetapi kualitas makanannya biasa saja.,variasi sarapan cukup baik tetapi kualitas makanannya biasa saja.,sentiment_conflict_needs_expert,netral,0.8218,"check in cepat, padahal jam 4 sore kami masih harus menunggu sebentar agar kamar siap. stafnya cukup ramah. kamarnya agak ketinggalan jaman tapi cukup bersih. tapi tidak ada mandi air hangat. ini adalah air yang sangat panas atau dingin. variasi sarapan cukup baik tetapi kualitas makanannya biasa saja."
needs_manual_review_after_step_1_4,5800,Pelayanan,change_neutral_sentiment_after_manual_review,netral,negatif,"pelayan di restoran saat sarapan, kurang ramah | reseptionist dan satpamnya baik banget","ada colokan di samping westafel, tapi sayangnya hairdryernya tidak ada pelayan di restoran saat sarapan, kurang ramah, mukanya pada manyun, masih ngantuk kali yah.",sentiment_conflict_needs_expert,negatif,0.8183,"ada colokan di samping westafel, tapi sayangnya hairdryernya tidak ada pelayan di restoran saat sarapan, kurang ramah, mukanya pada manyun, masih ngantuk kali yah. reseptionist dan satpamnya baik banget, kamar bersih, cukup luas. "
needs_manual_review_after_step_1_4,168,Fasilitas,change_sentiment_after_manual_review,netral,positif,area parkir mobil di basement memiliki jalur yang luas namun tempat parkir terbatas,area parkir mobil di basement memiliki jalur yang luas namun tempat parkir terbatas.,sentiment_conflict_needs_expert,negatif,0.8142,lokasi bagus bagi yang ingin menjelajahi kota bandung. lokasi sangat dekat dengan hotel aryaduta (tepat di seberang pintu keluarnya). jalan depan hotel ada 2 arah (bukan 1 arah) sehingga memudahkan kita untuk mengakses hotel. hotel santika merupakan hotel tua namun masih terawat. kamarnya luas namun semua perabotannya harus direnovasi juga fasilitasnya. sarapan memiliki pilihan terbatas namun rasanya cukup enak. area parkir mobil di basement memiliki jalur yang luas namun tempat parkir terbatas.
needs_manual_review_after_step_1_4,897,Harga,change_neutral_sentiment_after_manual_review,netral,positif,lokasi terbaik dan harga terbaik di bogor.,lokasi terbaik dan harga terbaik di bogor.,sentiment_conflict_needs_expert,positif,0.8128,terima kasih hotel santika atas keramahtamahannya. anda berhasil mengakomodasi permintaan kami selama kami tinggal. lokasi terbaik dan harga terbaik di bogor. terima kasih lagi.
needs_manual_review_after_step_1_4,8040,Makanan,change_sentiment_after_manual_review,positif,negatif,varian untuk sarapan sedikit kurang rasanya cukup,"kamar yang cukup baik untuk tidak kecil, dan varian untuk sarapan sedikit kurang, rasanya cukup.",sentiment_conflict_needs_expert,netral,0.8085,"kamar yang cukup baik untuk tidak kecil, dan varian untuk sarapan sedikit kurang, rasanya cukup. kolam kecil yang tenang tapi stafnya sangat ramah secara keseluruhan hotel ini bagus dan membuat liburan saya hampir sempurna terima kasih santika bogor"
needs_manual_review_after_step_1_4,2287,Fasilitas,change_neutral_sentiment_after_manual_review,netral,positif,dapat dengan leluasa menikmati fasilitas hotel yang disediakan,"sangat menyenangkan dan terjaga privacy, sehingga kami dapat dengan leluasa menikmati fasilitas hotel yang disediakan.",sentiment_conflict_needs_expert,positif,0.8035,"sangat menyenangkan dan terjaga privacy, sehingga kami dapat dengan leluasa menikmati fasilitas hotel yang disediakan."
needs_manual_review_after_step_1_4,7190,Fasilitas,change_sentiment_after_manual_review,netral,positif,siaran televisi kabel banyak pilihan.,breakfast nya enak dan banyak macamnya.,sentiment_conflict_needs_expert,positif,0.8031,"hotel nya bagus meskipun bangunan lama, pegawainya ramah dan sopan. kamar bersih. siaran televisi kabel banyak pilihan. breakfast nya enak dan banyak macamnya. puas dan recommend menginap di santika bandung. thanks traveloka atas diskon nya. transaksi mudah dan cepat. traveloka memang pas untuk kita."
needs_manual_review_after_step_1_4,2860,Kenyamanan,change_neutral_sentiment_after_manual_review,netral,positif,kenyamanan tidur sangat memuaskan dengan bed yang sangat nyaman. yang cukup mengganggu adalah suhu air shower yang sangat tidak stabil,kenyamanan tidur sangat memuaskan dengan bed yang sangat nyaman dan 2 bantal yang nyaman di masing masing bed (twin).,sentiment_conflict_needs_expert,negatif,0.8009,"lokasi di mall dengan banyak pilihan restoran bahkan departemen store. air minum yang disediakan lebih banyak dari standar hotel lain, yaitu 4 botol dengan ukuran sedang. kenyamanan tidur sangat memuaskan dengan bed yang sangat nyaman dan 2 bantal yang nyaman di masing masing bed (twin). kondisi kamar sangat bersih dan fasilitas kamar mandi juga lengkap. yang cukup mengganggu adalah suhu air shower yang sangat tidak stabil, panas dingin bergantian. namun yang paling mengecewakan untuk kami adalah fasilitas wi-fi yang amat sangat lambat, bahkan tidak bisa kami gunakan sama sekali."
needs_manual_review_after_step_1_4,1940,Makanan,change_neutral_sentiment_after_manual_review,netral,positif,"ada ketel listrik untuk membuat teh atau kopi, beserta segala fasilitasnya.","tapi, kamarnya cukup besar, tempat tidurnya nyaman (menurut saya tempat tidurnya keras atau sedang), kamar mandinya bagus dan bersih.",sentiment_conflict_needs_expert,positif,0.7997,"santika cirebon, menurut saya hotelnya sudah tua, jadi ada tandanya di bangunan itu. tapi, kamarnya cukup besar, tempat tidurnya nyaman (menurut saya tempat tidurnya keras atau sedang), kamar mandinya bagus dan bersih. ada ketel listrik untuk membuat teh atau kopi, beserta segala fasilitasnya. kulkas mini, televisi kabel (sayangnya gambar kurang jelas tapi cukup bagus untuk baca berita). sarapannya juga beda-beda, walaupun kata ibuku rasanya biasa saja, tapi bagiku itu sudah cukup. anda bisa memilih mulai dari roti, sereal, bubur nasi, nasi goreng, nasi putih dan makanan indonesia lainnya. secara keseluruhan cukup menyenangkan menginap di hotel santika."
needs_manual_review_after_step_1_4,8040,Fasilitas,change_sentiment_after_manual_review,negatif,positif,kolam kecil,kolam kecil yang tenang tapi stafnya sangat ramah secara keseluruhan hotel ini bagus dan membuat liburan saya hampir sempurna terima kasih santika bogor,sentiment_conflict_needs_expert,netral,0.7956,"kamar yang cukup baik untuk tidak kecil, dan varian untuk sarapan sedikit kurang, rasanya cukup. kolam kecil yang tenang tapi stafnya sangat ramah secara keseluruhan hotel ini bagus dan membuat liburan saya hampir sempurna terima kasih santika bogor"
needs_manual_review_after_step_1_4,2346,Lokasi,change_neutral_sentiment_after_manual_review,netral,positif,lokasi hotel sangat bagus karena dekat sekali dengan,lokasi hotel sangat bagus karena dekat sekali dengan stasiun kereta api sehingga tidak takut terlambat.,sentiment_conflict_needs_expert,positif,0.7936,lokasi hotel sangat bagus karena dekat sekali dengan stasiun kereta api sehingga tidak takut terlambat. dan juga sangat dekat dengan pusat pertokoan.
needs_manual_review_after_step_1_4,5539,Fasilitas,change_sentiment_after_manual_review,netral,positif,kolam renang dengan pemandangan indah.,kolam renang dengan pemandangan indah.,sentiment_conflict_needs_expert,positif,0.7907,kebersihan terjaga maksimal. kolam renang dengan pemandangan indah. kolam renang dengan pemandangan indah.
needs_manual_review_after_step_1_4,5547,Pelayanan,change_neutral_sentiment_after_manual_review,netral,positif,kualitas pelayanan terbaik.,interior ramah keluarga.,sentiment_conflict_needs_expert,positif,0.7879,interior ramah keluarga. harga sangat terjangkau. kualitas pelayanan terbaik.
needs_manual_review_after_step_1_4,2080,Makanan,change_neutral_sentiment_after_manual_review,netral,negatif,"sarapan alakadarnya, lokasi seputar kolam tidak terawat","sarapan alakadarnya, lokasi seputar kolam tidak terawat, air conditioner tidak dingin, kamar mandi bau, kunci hotel sudah jadul, balkoni depan jendela kotor banget, area deket lift d lobi gelap, terkesan kotor.",sentiment_conflict_needs_expert,negatif,0.7668,"hotel tua yang menempati lahan luas dan lokasi yang strategis. seharusnya bisa mempertahankan ""keklasikan"" hotel santika yang sudah terkenal. sayangnya tidak bisa menjaga itu. sarapan alakadarnya, lokasi seputar kolam tidak terawat, air conditioner tidak dingin, kamar mandi bau, kunci hotel sudah jadul, balkoni depan jendela kotor banget, area deket lift d lobi gelap, terkesan kotor. semoga segera diperbaiki ya"
needs_manual_review_after_step_1_4,1491,Lokasi,change_neutral_sentiment_after_manual_review,netral,positif,"memiliki kesan yang luar biasa, lokasi yang baik dekat dengan mal kebersihan cukup baik","pertama sampai di hotel memiliki kesan yang luar biasa, lokasi yang baik dekat dengan mal kebersihan cukup baik.",sentiment_conflict_needs_expert,positif,0.7587,"pertama sampai di hotel memiliki kesan yang luar biasa, lokasi yang baik dekat dengan mal kebersihan cukup baik. untuk fasilitas kolam renang juga bagus. santika sangat terkenal dengan beragaman sarapanya yang pasti enak. untuk staf saya merasa kurang ramah. bagian fo, tempat sarapan, kolam renang, mungkin karena libur lebaran ramai tamu mereka kelelahan sehingga ya biasa saja, tapi untuk satpamnya sangat baik dan ramah."
needs_manual_review_after_step_1_4,6075,Pelayanan,change_neutral_sentiment_after_manual_review,netral,negatif,penerimaan sangat membantu dan sopan. layanan yang buruk (telur setengah matang yang tidak pernah datang),layanan yang buruk.,sentiment_conflict_needs_expert,negatif,0.7565,"penerimaan sangat membantu dan sopan sayangnya cuaca hangat dan tanpa air conditioner di area lobi. ruangan itu bersih tapi keran lama di wastafel dan shower membuatnya sulit untuk dioperasikan. menu sarapan prasmanan memang tidak sebanyak dua tahun lalu. disebutkan secara khusus ke stasiun telur, memesan telur setengah matang yang tidak pernah datang sampai kami selesai. layanan yang buruk."
needs_manual_review_after_step_1_4,5979,Fasilitas,clear_aspect_no_sufficient_evidence,positif,none,ada fasilitas peminjaman sepeda untuk berkeliling,,sentiment_conflict_needs_expert,netral,0.7531,"lokasi strategis ke mana2 dekat. petugas ramah semua, kamar bersih. terimakasih untuk semua kesan yang baik. ada fasilitas peminjaman seped untuk berkeliling, tapi saya tidak sempat menikmati karena padatnya acara."
needs_manual_review_after_step_1_4,10692,Pelayanan,change_neutral_sentiment_after_manual_review,netral,positif,overall pelayanannya bagus minta early check-in 12.30 baru ready jam 13.00,"overall pelayanannya bagus, minta early check-in 12.",sentiment_conflict_needs_expert,positif,0.7493,"overall pelayanannya bagus, minta early check-in 12. 30 baru ready jam 13. 00. semoga pelayanannya semakin bagus untuk selanjutnya."
needs_manual_review_after_step_1_4,5913,Harga,change_sentiment_after_manual_review,negatif,positif,"kamar bersih, amenities lengkap, harga makanan hotel tidak terlalu mahal dan rasanya","check in dilayani dengan cepat dan ramah, kondisi kamar bersih, amenities lengkap, harga makanan hotel tidak terlalu mahal dan rasanya cukup enak",sentiment_conflict_needs_expert,positif,0.7455,"check in dilayani dengan cepat dan ramah, kondisi kamar bersih, amenities lengkap, harga makanan hotel tidak terlalu mahal dan rasanya cukup enak"
needs_manual_review_after_step_1_4,12,Makanan,clear_aspect_no_sufficient_evidence,positif,none,2 kotak sarapan sudah siap diambil jam setengah 6 pagi sesuai permintaan,,sentiment_conflict_needs_expert,netral,0.7343,"datang hampir jam 10 malam, hotel terlihat sepi tapi begitu turun mobil ada 1 doorman yang langsung menyambut dan membukakan pintu hotel. di lobby 1 concierge standby dan sat set mencari kamar yang kita booking dan melayani permintaan breakfast on the go. besoknya 2 kotak sarapan sudah siap diambil jam setengah 6 pagi sesuai permintaan. terimakasih santika."
needs_manual_review_after_step_1_4,6452,Fasilitas,change_sentiment_after_manual_review,negatif,positif,sedikit kolam renang plus fasilitas ramah anak,"sebagai saran mungkin sedikit kolam renang plus fasilitas ramah anak, seperti slide kecil atau tempat bermain akan menjadi lebih baik.",sentiment_conflict_needs_expert,netral,0.7274,"hotel tua dengan perawatan yang baik sehingga hotel terlihat masih bagus dan terpelihara dengan baik, dekat dengan masjid tentara dan beberapa pusat perbelanjaan. sarapan varian yang berlimpah dan lezat, kamar bersih dan nyaman. sebagai saran mungkin sedikit kolam renang plus fasilitas ramah anak, seperti slide kecil atau tempat bermain akan menjadi lebih baik."
needs_manual_review_after_step_1_4,3609,Makanan,change_sentiment_after_manual_review,netral,positif,makanan khas lokal yang menyenangkan.,makanan khas lokal yang menyenangkan.,sentiment_conflict_needs_expert,positif,0.7271,makanan khas lokal yang menyenangkan.
needs_manual_review_after_step_1_4,10570,Kenyamanan,clear_aspect_no_sufficient_evidence,positif,none,pemandangan gunung yang indah dari jendela saya,,sentiment_conflict_needs_expert,netral,0.7151,pemandangan gunung yang indah dari jendela saya. sarapan yang luar biasa. lokasi yang bagus. harga yang pantas
needs_manual_review_after_step_1_4,7131,Pelayanan,change_neutral_sentiment_after_manual_review,netral,positif,"pelayanan bagus, namun pelayanan dari pegawai restoran untuk breakfast kurang tanggap","bermalam di hotel santika bandung, , pegawai nya ramah-ramah, , pelayanan bagus, , bersih banget, , saya menginap bersama anak dan istri saya, , pada saat check-in kamar dengan tempat tidur ukuran king telah terisi semua kamarnya, , namun oleh pihak hotel di usahakan bagaimana caranya agar kami sekeluarga mendapatkan k",sentiment_conflict_needs_expert,negatif,0.7092,"bermalam di hotel santika bandung, , pegawai nya ramah-ramah, , pelayanan bagus, , bersih banget, , saya menginap bersama anak dan istri saya, , pada saat check-in kamar dengan tempat tidur ukuran king telah terisi semua kamarnya, , namun oleh pihak hotel di usahakan bagaimana caranya agar kami sekeluarga mendapatkan kamar dengan tempat tidur ukuran king, , mengenai breakfast/sarapan pagi menunya banyak sekali namun sayang pelayanan dari pegawai restoran untuk breakfast/sarapan pagi kurang tanggap dan sigap, , karena setelah kami selesai menyantap makanan alat makan yang telah kami gunakan tidak secepatnya diambil oleh para pegawai serta penyediaan kopi dan teh oleh pelayan tidak cepat. terima kasih traveloka, , harga kamarnya murah banget dari pada harga publish dari pihak hotel."
needs_manual_review_after_step_1_4,4989,Pelayanan,apply_missing_label_from_manual_review,none,positif,,"semuanya baik, dari fasilitas dan layanannya juga sangat memuaskan.",possible_missing_label,positif,0.7977,"semuanya baik, dari fasilitas dan layanannya juga sangat memuaskan."
needs_manual_review_after_step_1_4,8952,Kenyamanan,apply_missing_label_from_manual_review,none,positif,,"untuk kamar bersih, untuk sarapan the best, banyak pilihan.",possible_missing_label,positif,0.7953,"menginap satu malam di hotel santika cirebon sangat menyenangkan. untuk kamar bersih, untuk sarapan the best, banyak pilihan."
needs_manual_review_after_step_1_4,7176,Lokasi,apply_missing_label_from_manual_review,none,positif,,"pelayanannya baik dan hotelnya nyaman, dekat dengan mana saja",possible_missing_label,positif,0.7926,"pelayanannya baik dan hotelnya nyaman, dekat dengan mana saja"
needs_manual_review_after_step_1_4,7728,Fasilitas,apply_missing_label_from_manual_review,none,positif,,"kamar bersih, kolam renang bersih, makanan lumayan enak, protokol covid, pelayanan cukup baik, staf ramah dan membantu, hanya minta handuk tambahan agak lama, cukup menyenangkan.",possible_missing_label,negatif,0.7906,"kamar bersih, kolam renang bersih, makanan lumayan enak, protokol covid, pelayanan cukup baik, staf ramah dan membantu, hanya minta handuk tambahan agak lama, cukup menyenangkan."
needs_manual_review_after_step_1_4,7989,Kenyamanan,apply_missing_label_from_manual_review,none,positif,,"air conditioner dan water heater berfungsi dengan baik, tapi tidak ada hair dryer.",possible_missing_label,positif,0.7881,"tempat sangat strategis, parkinya mudah, check-in cepat. pelayanan sangat ramah, handuk sprei dan bersih. air conditioner dan water heater berfungsi dengan baik, tapi tidak ada hair dryer."
needs_manual_review_after_step_1_4,4135,Fasilitas,apply_missing_label_from_manual_review,none,negatif,,"hotelnya sudah tua, gatau karna penuh atau gimana dapet kamar yang sudah lama tidak dipake kayanya sampe water heaternya harus minta dinyalain dulu ke teknisinya, dan bau lembab banget, sarapan buat sekelas santika kurang banget",possible_missing_label,negatif,0.7834,"hotelnya sudah tua, gatau karna penuh atau gimana dapet kamar yang sudah lama tidak dipake kayanya sampe water heaternya harus minta dinyalain dulu ke teknisinya, dan bau lembab banget, sarapan buat sekelas santika kurang banget"
needs_manual_review_after_step_1_4,11468,Kenyamanan,apply_missing_label_from_manual_review,none,positif,,"pelayan baik, kamar baik, makanan baik.",possible_missing_label,positif,0.781,"pelayan baik, kamar baik, makanan baik."
needs_manual_review_after_step_1_4,8022,Kenyamanan,apply_missing_label_from_manual_review,none,positif,,"hari pertama, kedua dan ketiga begitu nyaman.",possible_missing_label,positif,0.7693,"hari pertama, kedua dan ketiga begitu nyaman. namun, akhirnya kecewa dengan sikap dan tindakan resepsionis pada saat ingin extend, akhirnya saya check-out, kenyamanan sebelumnya di akhiri dengan kekecewaan."
needs_manual_review_after_step_1_4,2211,Makanan,apply_missing_label_from_manual_review,none,positif,,"harganya relatif murah, makan pagi bervariasi",possible_missing_label,positif,0.7685,"harganya relatif murah, makan pagi bervariasi"
needs_manual_review_after_step_1_4,9136,Fasilitas,apply_missing_label_from_manual_review,none,negatif,,"walau ada kendala sedikit di kamar mandi, air menggenang dan yang orang ngebersihin kamar kurang jeli ngebersihin kotorandi meja dan lantai.",possible_missing_label,positif,0.7679,"pelayanan yang cukup baik di masa pandemi. mobil di cuci semua dari pihak hotel. makanan yang enak, kolam juga baik, anak-anak senang. walau ada kendala sedikit di kamar mandi, air menggenang dan yang orang ngebersihin kamar kurang jeli ngebersihin kotorandi meja dan lantai. terima kasih hotel santika sudah meng-upgrade kamar kami ke executive. very well services."
needs_manual_review_after_step_1_4,1754,Kenyamanan,apply_missing_label_from_manual_review,none,positif,,kenyamanan kamar dan kolam renang menjadi nilai jual terbesarnya.,possible_missing_label,positif,0.7673,"kenyamanan kamar dan kolam renang menjadi nilai jual terbesarnya. tapi untuk sarapannya terasa agak kurang. butuh lebih banyak protein. dan ya, tidak ada smart televisi juga. tapi saya sangat senang ada tukang cuci mobil yang membersihkan mobil kami setiap pagi. tapi mungkin mereka memerlukan pelatihan? hanya untuk tetap profesional."
needs_manual_review_after_step_1_4,7508,Kenyamanan,apply_missing_label_from_manual_review,none,positif,,"tempatnya strategis, kamar bersih, karyawan staf hotelnya ramah.",possible_missing_label,positif,0.762,"tempatnya strategis, kamar bersih, karyawan staf hotelnya ramah. anak anak pengalaman baru ada bioskop film anak anak di sore hari sangat terhibur. liburan yang berkesan."
needs_manual_review_after_step_1_4,12205,Fasilitas,apply_missing_label_from_manual_review,none,positif,,kamar sangat nyaman dengan ruangan yang bersih fasilitas yang baik dan pelayanan yang sangat baik.,possible_missing_label,positif,0.7574,"kamar sangat nyaman dengan ruangan yang bersih fasilitas yang baik dan pelayanan yang sangat baik. hanya saja akses yang agak sulit karena lokasi ada di atas mal, akses yang diberikan langsung ke lobby hanya yang menggunakan mobil kalau untuk yang menggunakan kendaraan bermotor akses harus masuk melewati mal dahulu."
needs_manual_review_after_step_1_4,5041,Kebersihan,apply_missing_label_from_manual_review,none,positif,,"secara keseluruhan baik, tetap tingkatkan pelayanan prima dan kebersihan",possible_missing_label,negatif,0.7538,"secara keseluruhan baik, tetap tingkatkan pelayanan prima dan kebersihan"
needs_manual_review_after_step_1_4,10435,Kenyamanan,apply_missing_label_from_manual_review,none,positif,,"lokasi baik mudah akses ke dmall, tetapi menurut saya kondisi fasilitas hotel (seperti kolam renang, gym) dan kondisi kamar (seperti furniture, luas kamar, dan kebersihan kamar) tidak sesuai dengan harga yang diberikan.",possible_missing_label,netral,0.7536,"lokasi baik mudah akses ke dmall, tetapi menurut saya kondisi fasilitas hotel (seperti kolam renang, gym) dan kondisi kamar (seperti furniture, luas kamar, dan kebersihan kamar) tidak sesuai dengan harga yang diberikan."
needs_manual_review_after_step_1_4,5383,Kenyamanan,apply_missing_label_from_manual_review,none,positif,,"bagus nyaman sopan, dan ramah, tingkatkan lagu",possible_missing_label,positif,0.7527,"bagus nyaman sopan, dan ramah, tingkatkan lagu"
needs_manual_review_after_step_1_4,235,Makanan,apply_missing_label_from_manual_review,none,positif,,"anda dapat menemukan makanan enak, fashion bagus, kafe bagus dan semua yang anda butuhkan.",possible_missing_label,positif,0.746,"hotel ini terletak di jalan riau, jalan it bandung. anda dapat menemukan makanan enak, fashion bagus, kafe bagus dan semua yang anda butuhkan. itu juga dekat jl merdeka yang merupakan salah satu jalan sibuk di bandung yang memiliki beberapa jajanan kaki lima yang enak"
needs_manual_review_after_step_1_4,1316,Lokasi,apply_missing_label_from_manual_review,none,positif,,"dekat dengan mall, pelayanan oke, dan fasilitas mantap, keep it up",possible_missing_label,positif,0.7453,"dekat dengan mall, pelayanan oke, dan fasilitas mantap, keep it up"
needs_manual_review_after_step_1_4,9773,Fasilitas,apply_missing_label_from_manual_review,none,positif,,"hotel yang nyaman, suka karena tempat makan pagi dekat dengan kolam renang",possible_missing_label,netral,0.7443,"hotel yang nyaman, suka karena tempat makan pagi dekat dengan kolam renang"
needs_manual_review_after_step_1_4,9497,Fasilitas,apply_missing_label_from_manual_review,none,positif,,"bagus ruangan, layanan besar, bagus, besar dan bersih kolam renang.",possible_missing_label,positif,0.7431,"bagus ruangan, layanan besar, bagus, besar dan bersih kolam renang. kami berenang di malam hari dan itu bagus"
needs_manual_review_after_step_1_4,1861,Pelayanan,apply_missing_label_from_manual_review,none,positif,,"menu sarapannya sangat lengkap, bervariasi dan enak, namun keramahannya sangat baik.",possible_missing_label,positif,0.7389,"santika adalah salah satu hotel terbaik di cirebon, terletak di pusat kota, dekat dengan stasiun kereta, mall, restoran, dll. kolam renangnya mungkin salah satu kolam terbaik yang pernah saya coba di cirebon, sangat bersih dan besar. saya suka ketika saya masuk kamar, stafnya sudah menyiapkan kamar jadi air conditioner sudah menyala jadi kamar sangat sejuk dan nyaman. mereka juga mencuci mobil kami, dan ini diluar ekspektasi. menu sarapannya sangat lengkap, bervariasi dan enak, namun keramahannya sangat baik. satu malam tidak pernah cukup."
needs_manual_review_after_step_1_4,2287,Kenyamanan,apply_missing_label_from_manual_review,none,positif,,"sangat menyenangkan dan terjaga privacy, sehingga kami dapat dengan leluasa menikmati fasilitas hotel yang disediakan.",possible_missing_label,positif,0.7357,"sangat menyenangkan dan terjaga privacy, sehingga kami dapat dengan leluasa menikmati fasilitas hotel yang disediakan."
needs_manual_review_after_step_1_4,1408,Lokasi,apply_missing_label_from_manual_review,none,positif,,"dekat kebun raya, botani square.",possible_missing_label,positif,0.7298,"dekat kebun raya, botani square. makanannya enak, staf ramah. baik buat keluarga."
needs_manual_review_after_step_1_4,8040,Kenyamanan,apply_missing_label_from_manual_review,none,negatif,,"kamar yang cukup baik untuk tidak kecil, dan varian untuk sarapan sedikit kurang, rasanya cukup.",possible_missing_label,positif,0.7278,"kamar yang cukup baik untuk tidak kecil, dan varian untuk sarapan sedikit kurang, rasanya cukup. kolam kecil yang tenang tapi stafnya sangat ramah secara keseluruhan hotel ini bagus dan membuat liburan saya hampir sempurna terima kasih santika bogor"
needs_manual_review_after_step_1_4,7120,Pelayanan,apply_missing_label_from_manual_review,none,positif,,"ramah, nyaman hanya terlalu bebas untuk smoking: (",possible_missing_label,positif,0.7243,"ramah, nyaman hanya terlalu bebas untuk smoking: ("
needs_manual_review_after_step_1_4,4662,Kenyamanan,apply_missing_label_from_manual_review,none,positif,,fantastis sekali bersih nyaman lah pkkoknya,possible_missing_label,positif,0.7233,fantastis sekali bersih nyaman lah pkkoknya
needs_manual_review_after_step_1_4,9298,Kenyamanan,apply_missing_label_from_manual_review,none,positif,,"lokasi strategis, kamar baik, kebersihan baik, pokoknya the best lah",possible_missing_label,positif,0.7225,"lokasi strategis, kamar baik, kebersihan baik, pokoknya the best lah"
needs_manual_review_after_step_1_4,9549,Fasilitas,apply_missing_label_from_manual_review,none,positif,,"pelayanan bagus, ada fasilitas antar jemput sehingga sangat membantu buat para tamu yang tidak naik kendaraan pribadi.",possible_missing_label,positif,0.7183,"pelayanan bagus, ada fasilitas antar jemput sehingga sangat membantu buat para tamu yang tidak naik kendaraan pribadi."
needs_manual_review_after_step_1_4,5805,Lokasi,apply_missing_label_from_manual_review,none,positif,,dekat dengan pusat hiburan.,possible_missing_label,positif,0.7102,kualitas layanan terbaik. hidangan yang disajikan lezat. suasana ramah. dekat dengan pusat hiburan. parkir aman.
needs_manual_review_after_step_1_4,14542,Pelayanan,clear_false_positive_label,negatif,none,tisu toilet dan wajah jaringan tidak tersedia,,possible_label_false_positive,none,0.9228,tisu toilet dan wajah jaringan tidak tersedia pada malam kedua saya tinggal.
needs_manual_review_after_step_1_4,4317,Makanan,adjust_or_keep_label_with_evidence,positif,positif,satapan baik,"deket banget sama venue fanmeet, kamar bersih satapan baik",possible_label_false_positive,none,0.8623,"deket banget sama venue fanmeet, kamar bersih satapan baik"
needs_manual_review_after_step_1_4,13615,Pelayanan,clear_false_positive_label,positif,none,keamanan terjaga,,possible_label_false_positive,none,0.8369,nyaman dan bersih. keamanan terjaga.
needs_manual_review_after_step_1_4,5422,Kenyamanan,clear_false_positive_label,positif,none,rapih,,possible_label_false_positive,none,0.8325,"bagus, rapih, bersih deket dengan mall"
needs_manual_review_after_step_1_4,4378,Pelayanan,clear_false_positive_label,positif,none,ramaah juga,,possible_label_false_positive,none,0.8301,keren abiss ramaah juga dan bersih
needs_manual_review_after_step_1_4,11167,Pelayanan,clear_false_positive_label,negatif,none,hanya perlu di informasikan akses masuk hotel jika mall sudah tutup,,possible_label_false_positive,none,0.8269,sangat berkesan dengan hotel santika. hanya perlu di informasikan akses masuk hotel jika mall sudah tutup.
needs_manual_review_after_step_1_4,5119,Pelayanan,clear_false_positive_label,negatif,none,"pesan via ota, pilih kamar deluxe single bed dikasih yang twin bed, dan smoking room",,possible_label_false_positive,none,0.8165,"pesan via ota, pilih kamar deluxe single bed dikasih yang twin bed, dan smoking room. akses susah jika solo travel yang harus melalui lift didalam mall yang kalau malam tutup"
needs_manual_review_after_step_1_4,11135,Kenyamanan,clear_false_positive_label,positif,none,ruangan yang bersih,,possible_label_false_positive,none,0.8152,"lokasinya strategis, mudah diakses dengan berbagai alternatif kendaraan dengan staf yang ramah dan ruangan yang bersih."
needs_manual_review_after_step_1_4,12126,Kenyamanan,clear_false_positive_label,positif,none,menyenangkan sesuai kelasnya semua baik banget bersih,,possible_label_false_positive,none,0.8113,menyenangkan. sesuai kelas nya. semua baik banget. bersih.
needs_manual_review_after_step_1_4,14679,Kenyamanan,clear_false_positive_label,positif,none,sangat berkesan untuk tempat istirahat,,possible_label_false_positive,none,0.8033,"sangat berkesan untuk tempat istirahat, lokasi yang sangat strategis"
needs_manual_review_after_step_1_4,8085,Pelayanan,clear_false_positive_label,positif,none,santika tau how to treat their customers,,possible_label_false_positive,none,0.8006,"cemilan di kala sore, santika tau how to treat their customers"
needs_manual_review_after_step_1_4,13796,Fasilitas,clear_false_positive_label,positif,none,ada coffee shop,,possible_label_false_positive,none,0.793,"bagus banget sekarang ada coffee shop buat betah, staf pelayanan semua ramah baik check in cepat dan sudah pasti tiap ke tasik nginep di sini."
needs_manual_review_after_step_1_4,8590,Fasilitas,clear_false_positive_label,negatif,none,ruang makannya pada saat breakfast yang sepertinya kurang luas mengingat kapasitas tamu yang banyak sehingga harus bergantian,,possible_label_false_positive,none,0.7928,secara keseluruhan sangat memuaskan dengan pelayanan yang sangat baik mungkin yang kurang hanya untuk ruang makannya pada saat breakfast yang sepertinya kurang luas mengingat kapasitas tamu yang banyak sehingga harus bergantian.
needs_manual_review_after_step_1_4,2834,Makanan,clear_false_positive_label,netral,none,hanya dapat buah 3 pcs.,,possible_label_false_positive,none,0.791,floordrain tidak berfungsi. jadi saya harus buka floordrainnya biar airnya tidak menggenang. saya bermalam di unit yang exclusive. hanya dapat buah 3 pcs. penerangan kurang. karpet di ruang family kotor banget sama sofa belum pernah di dryclean kayaknya. selain hal ini nyaman.
needs_manual_review_after_step_1_4,562,Pelayanan,clear_false_positive_label,positif,none,mobil di parkiran di cuci dengan gratis,,possible_label_false_positive,none,0.7882,"hotel dekat dengan pasat perbelanjaan, tempat makan. mobil di parkiran di cuci dengan gratis. variasi makanan harus di tambah."
needs_manual_review_after_step_1_4,149,Kenyamanan,clear_false_positive_label,netral,none,bangunan hotel merupakan bangunan tua namun memiliki perawatan yang baik sehingga,,possible_label_false_positive,none,0.7852,hotel ini memiliki lokasi yang bagus. ada supermarket di seberang hotel dan ada banyak jajanan pinggir jalan di dekat hotel. bangunan hotel merupakan bangunan tua namun memiliki perawatan yang baik sehingga bangunan hotel masih bagus dan bersih.
needs_manual_review_after_step_1_4,13249,Kebersihan,clear_false_positive_label,negatif,none,kamar mandinya airnya menggenang,,possible_label_false_positive,none,0.7819,"tempatnya kurang nyaman, dekat dengan mall tapi mallnya banyak tutup. terus kamar mandinya airnya menggenang."
needs_manual_review_after_step_1_4,10272,Kenyamanan,clear_false_positive_label,negatif,none,peralatan sudah kuno,,possible_label_false_positive,none,0.7766,"bagus, tapi peralatan sudah kuno"
needs_manual_review_after_step_1_4,750,Harga,clear_false_positive_label,positif,none,"pelayanan staf fo kurang senyum, dan jangan lupa bawa struk parkir untuk stamp free parking.",,possible_label_false_positive,none,0.7723,"perdana stay, pasca drop off di lobby, effortnya susah cari parkir, untungnya ada akses dari dalam mall ke dalam hotel. request connecting room, hanya dapat 1 aksesdoor masing², jadi repot kalau mau naik lantai izin staf bantu tap lift. minus hairdryer aja, dan tidak ada dispenser air, exhaust fan kamarmandi tidak terasa sirkulasinya, bantal kempes, cahaya kurang terang. plusnya ada hiburan smarttv dan wi-fi superngebut. breakfastnya b aja, wafflenya rasa adonan pukis, dan roti tawar terlihat kurang fresh, tapi westernfoodnya lumayan enak. pelayanan staf fo kurang senyum, dan jangan lupa bawa struk parkir untuk stamp free parking."
needs_manual_review_after_step_1_4,6468,Kenyamanan,clear_false_positive_label,positif,none,terpelihara dengan baik,,possible_label_false_positive,none,0.7723,"old fashioned hotel tapi terpelihara dengan baik. lokasi yang strategis, di samping mal bip dan hanya berjarak ratusan meter ke taman lalu lintas."
needs_manual_review_after_step_1_4,12253,Kebersihan,clear_false_positive_label,positif,none,kamar bersih kamar mandi bersih,,possible_label_false_positive,none,0.7591,"kamar berisp, air conditioner dingin, kamar mandi bersi, makanan cukup lengkap dan esak."
needs_manual_review_after_step_1_4,8685,Pelayanan,clear_false_positive_label,negatif,none,slow respon jika ada makanan yang mulai habis ruang makan yang diluar lambat dibersihkan,,possible_label_false_positive,none,0.7445,"makanan kurang lezat, slow respon jika ada makanan yang mulai habis, ruang makan yang diluar lambt dibersihkan"
needs_manual_review_after_step_1_4,9696,Kenyamanan,clear_false_positive_label,positif,none,saya suka hotel dengan nuansa alami,,possible_label_false_positive,none,0.7307,saya suka hotel dengan nuansa alami.
needs_manual_review_after_step_1_4,14283,Kenyamanan,clear_label_without_evidence,positif,none,,,label_without_evidence_review,,,"pelayanan yang ramah, menu sarapan sangat beragam, check in dan check out dengan proses yang mudah dan cepat. shower besar."
needs_manual_review_after_step_1_4,13024,Fasilitas,keep_label_add_reason,negatif,negatif,,harga terbaik tapi perlu menambahkan lebih banyak saluran televisi,label_without_evidence_review,,,harga terbaik tapi perlu menambahkan lebih banyak saluran televisi
needs_manual_review_after_step_1_4,13225,Lokasi,clear_reason_wrong_aspect,none,none,harga murah,,reason_likely_wrong_aspect,,,harga murah tapi pelayanan tidak murahan
needs_manual_review_after_step_1_4,14155,Pelayanan,clear_reason_wrong_aspect,none,none,bersih,,reason_likely_wrong_aspect,,,"bahagia, bersih, baik, cantik."
needs_manual_review_after_step_1_4,14215,Pelayanan,clear_reason_wrong_aspect,none,none,bersih,,reason_likely_wrong_aspect,,,"bagus, bagus, bersih, terawat."
needs_manual_review_after_step_1_4,14676,Pelayanan,clear_reason_wrong_aspect,none,none,bersih,,reason_likely_wrong_aspect,,,hotel ini bersih dan menarik tempatnya.
needs_manual_review_after_step_1_4,13059,Harga,clear_reason_wrong_aspect,none,none,pelayanan baik banget,,reason_likely_wrong_aspect,,,pelayanan dan fasilitasnya baik banget.
needs_manual_review_after_step_1_4,13196,Harga,clear_reason_wrong_aspect,none,none,layanan yang baik,,reason_likely_wrong_aspect,,,fasilitas dan layanan yang baik
needs_manual_review_after_step_1_4,13434,Harga,clear_reason_wrong_aspect,none,none,pelayanannya baik,,reason_likely_wrong_aspect,,,pelayanannya baik fasilitas hotelnya juga mantab
needs_manual_review_after_step_1_4,13455,Harga,clear_reason_wrong_aspect,none,none,pelayanan baik,,reason_likely_wrong_aspect,,,fasilitas bagus. pelayanan baik.
needs_manual_review_after_step_1_4,13469,Harga,clear_reason_wrong_aspect,none,none,pelayanan yang ramah,,reason_likely_wrong_aspect,,,"pelayanan yang ramah, makanannya enak"
needs_manual_review_after_step_1_4,13659,Harga,clear_reason_wrong_aspect,none,none,pelayanannya sangat ramah,,reason_likely_wrong_aspect,,,pelayanannya sangat ramah namun untuk variasi sarapan perlu ditambahkan lagi
needs_manual_review_after_step_1_4,13664,Harga,clear_reason_wrong_aspect,none,none,pelayanan ramah,,reason_likely_wrong_aspect,,,semua fasilitas mantul pelayanan ramah
needs_manual_review_after_step_1_4,13728,Harga,clear_reason_wrong_aspect,none,none,staf ramah,,reason_likely_wrong_aspect,,,"hotel terfavorit, makanan banyak variasi, staf ramah"
needs_manual_review_after_step_1_4,13901,Harga,clear_reason_wrong_aspect,none,none,pelayanan memuaskan,,reason_likely_wrong_aspect,,,fasilitas lengkap pelayanan memuaskan.
needs_manual_review_after_step_1_4,14220,Harga,clear_reason_wrong_aspect,none,none,pesan yang king dikasih kamar yang standard,,reason_likely_wrong_aspect,,,hotelnya bagus. bersih juga. pelayanan baik. tapi pesan yang king dikasih kamar yang standard.
needs_manual_review_after_step_1_4,14364,Harga,clear_reason_wrong_aspect,none,none,pelayanan cukup memuaskan,,reason_likely_wrong_aspect,,,pelayanan dan fasilitas cukup memuaskan
needs_manual_review_after_step_1_4,13024,Makanan,clear_reason_wrong_aspect,none,none,perlu menambahkan lebih banyak saluran televisi,,reason_likely_wrong_aspect,,,harga terbaik tapi perlu menambahkan lebih banyak saluran televisi
needs_manual_review_after_step_1_4,13059,Makanan,clear_reason_wrong_aspect,none,none,fasilitasnya baik banget,,reason_likely_wrong_aspect,,,pelayanan dan fasilitasnya baik banget.
needs_manual_review_after_step_1_4,13196,Makanan,clear_reason_wrong_aspect,none,none,fasilitas yang baik,,reason_likely_wrong_aspect,,,fasilitas dan layanan yang baik
needs_manual_review_after_step_1_4,13434,Makanan,clear_reason_wrong_aspect,none,none,fasilitas hotelnya juga mantab,,reason_likely_wrong_aspect,,,pelayanannya baik fasilitas hotelnya juga mantab
needs_manual_review_after_step_1_4,13455,Makanan,clear_reason_wrong_aspect,none,none,fasilitas bagus,,reason_likely_wrong_aspect,,,fasilitas bagus. pelayanan baik.
needs_manual_review_after_step_1_4,13664,Makanan,clear_reason_wrong_aspect,none,none,semua fasilitas mantul,,reason_likely_wrong_aspect,,,semua fasilitas mantul pelayanan ramah
needs_manual_review_after_step_1_4,13901,Makanan,clear_reason_wrong_aspect,none,none,fasilitas lengkap,,reason_likely_wrong_aspect,,,fasilitas lengkap pelayanan memuaskan.
needs_manual_review_after_step_1_4,14364,Makanan,clear_reason_wrong_aspect,none,none,fasilitas cukup memuaskan,,reason_likely_wrong_aspect,,,pelayanan dan fasilitas cukup memuaskan
needs_manual_review_after_step_1_4,13803,Fasilitas,clear_reason_wrong_aspect,none,none,sarapan pagi menemukan rambut,,reason_likely_wrong_aspect,,,"kamar kurang bersih, sarapan pagi menemukan rambut."
