page,review_index,nama,tanggal,tipe_traveler,rating,teks_ulasan,sumber
2,4,MS,24 April 2026,Trip bareng Teman,"3,0",Oke utk stay night & sarapannya oke juga,Ulasan terverifikasi dari tiket.com
2,5,Savitrie Oktavia,23 April 2026,Trip Pasangan,"4,6",sangat oke tempatnya,Ulasan terverifikasi dari tiket.com
3,1,Hendra Marbun,9 April 2026,Perjalanan Sendirian,"5,0","Hotel bagus, kamar dalam kondisi baik dan pelayanannya ramah.",Ulasan terverifikasi dari tiket.com
3,2,Naomi Chintia,8 April 2026,Trip Keluarga,"5,0","Sayang bgt budget hotel 500rb tapi bukan smart TV 😭 But overall okay, makanan juga enak bingit. Thankyou Santika ❤",Ulasan terverifikasi dari tiket.com
3,3,FR,5 April 2026,Perjalanan Sendirian,"5,0",Program keamanan keluarga. Secara keseluruhan bersih.,Ulasan terverifikasi dari tiket.com
3,4,DP,4 April 2026,Perjalanan Bisnis,"5,0",Fasilitas kebugaran eksklusif. Hidangan penutup yang lezat.,Ulasan terverifikasi dari tiket.com
3,5,Anggun Nurdiani,2 April 2026,Trip Keluarga,"5,0","Staf ramah semua,AC kurang dingin",Ulasan terverifikasi dari tiket.com
4,1,Reza Ricquardo Karouw,1 April 2026,Perjalanan Sendirian,"4,2","Semuanya oke, kecuali akses parkir motor & balkon yang kotor banget! FYI Mall tutup jam 9, jadi kalau mau jajan direstonya mall better dari jam 7, karena jam 8 sudah close order. Other than that semuanya niceLihat lebih sedikit",Ulasan terverifikasi dari tiket.com
4,2,Fajar Triawan,1 April 2026,Trip Keluarga,"4,0",Tempat strategjs dekat dengan tempat perbelanjaan,Ulasan terverifikasi dari tiket.com
20,1,RM,24 November 2025,Trip Keluarga,"5,0",Delicious menu. The parking area is well maintained. Generous pricing. Beautiful minimalist interior. Mesin kopi di kamar bagus dan sangat membantu,Ulasan terverifikasi dari tiket.com
20,2,Septy debby pratiwi,18 November 2025,Perjalanan Sendirian,"5,0",Terawat dan bersih. Desain kontemporer.,Ulasan terverifikasi dari tiket.com
20,3,saipul Imam,18 November 2025,Trip Keluarga,"5,0",Layanan ramah anak.,Ulasan terverifikasi dari tiket.com
20,4,Hotma Megauli,11 November 2025,Trip Keluarga,"5,0","Nginep disana sama mama, tempat tidut nyaman dan sarapannya enak, banyak menunya. Dan staffnya ramah dan kemarin itu saya tidak sengaja pecahin alas kaca di toilet, saya minta dibersihin dan minta diskon ganti rugi dan dikasih heheheLihat lebih sedikit",Ulasan terverifikasi dari tiket.com
23,3,iit lukita febriyati,30 September 2025,Perjalanan Bisnis,"5,0","Resepsionis helpfull, kamar bersih dan oke",Ulasan terverifikasi dari tiket.com
23,4,SS,27 September 2025,Perjalanan Bisnis,"5,0",baguss banget untuk stay di santika bekasi,Ulasan terverifikasi dari tiket.com
23,5,SS,27 September 2025,Perjalanan Bisnis,"5,0",pengalaman yg bagus untuk stay 4 malam di santika,Ulasan terverifikasi dari tiket.com
24,1,ITU,26 September 2025,Trip Pasangan,"5,0","Harga terjangkau, pelayanan prima.",Ulasan terverifikasi dari tiket.com
24,2,Hari Budi Santoso,24 September 2025,Perjalanan Sendirian,"5,0",Everything good apalagi berada di mall memudahkan mencari konsumsi.,Ulasan terverifikasi dari tiket.com
24,3,Nur Syamsi,23 September 2025,Perjalanan Sendirian,"5,0",Okeee,Ulasan terverifikasi dari tiket.com
24,4,Ahmad Hanbali,22 September 2025,Trip Pasangan,"3,0",Standar Santika. Walaupun ada request yg tdk diperhatikan,Ulasan terverifikasi dari tiket.com
24,5,Arif Elyana Juniarto,22 September 2025,Perjalanan Sendirian,"5,0",Kebersihan kelas satu.,Ulasan terverifikasi dari tiket.com
25,1,Tekno Sengadi,22 September 2025,Trip Keluarga,"5,0",Breakfast sangat memuaskan.,Ulasan terverifikasi dari tiket.com
25,2,Hilda Liliana,20 September 2025,Trip Keluarga,"5,0",Bersih dan staff ramah,Ulasan terverifikasi dari tiket.com
25,3,Meliana Meliana,19 September 2025,Perjalanan Sendirian,"5,0",Lumayan buat menyendiri,Ulasan terverifikasi dari tiket.com
25,4,A,15 September 2025,Perjalanan Sendirian,"5,0",Kebersihan yang sangat baik.,Ulasan terverifikasi dari tiket.com
25,5,A,10 September 2025,Trip Pasangan,"5,0","Sangat bagus dan nyaman, dan pelayanan yg ramah",Ulasan terverifikasi dari tiket.com
26,1,DS,9 September 2025,Trip Pasangan,"5,0",Suasana bersih dan menyegarkan. Menu sarapan yang lezat. Harga terbaik. Staf yang ramah dan penuh perhatian.,Ulasan terverifikasi dari tiket.com
26,2,Ritza Aries Munandar,8 September 2025,Trip Keluarga,"5,0","Bagus....kamar nya bersihh, makanan banyak pilihan....",Ulasan terverifikasi dari tiket.com
26,3,Debora Merel Otstensia Rumondor,8 September 2025,Trip Pasangan,"5,0","Baru sekali booking hotel di tiket.com lgs pilih Hotel Santika Mega City Bekasi. Ratenya murah, pelayanan amat sangat memuaskan, gercep banget saat qt komplain atau minta sesuatu. Proses check in/out mudah dan cepat. Bersih. Akses ke Mall Mega Bekasi juga mudah. Pokoknya puas nginep di hotel ini. Pengen balik lagiLihat lebih sedikit",Ulasan terverifikasi dari tiket.com
40,4,DAN,27 April 2025,Trip Pasangan,"5,0",Kebersihannya tak tertandingi. Layanan pramutamu profesional. Kolam renang yang sangat bersih.,Ulasan terverifikasi dari tiket.com
40,5,Pada hari pertemuan,24 April 2025,Perjalanan Bisnis,"5,0","Nyaman , makanan bervariasi",Ulasan terverifikasi dari tiket.com
41,1,AI,20 April 2025,Trip Keluarga,"4,4","Hotel ini sangat nyaman dan menyenangkan untuk menginap. Pelayanannya bagus, stafnya ramah, dan sarapannya lumayan... semuanya baik-baik saja.",Ulasan terverifikasi dari tiket.com
41,2,Mutiara Andani,13 April 2025,Trip Keluarga,"5,0",Makanan super lezat. Keamanan anak terjamin.,Ulasan terverifikasi dari tiket.com
41,3,Muhammad Arrizal Septiawan,12 April 2025,Perjalanan Bisnis,"5,0","Dekat perbelanjaan, kamarnya nyaman, sarapannya enak!",Ulasan terverifikasi dari tiket.com
41,4,Zahra Mutiara,10 April 2025,Trip bareng Teman,"5,0","Sangat dekat dengan lokasi acara temu penggemar, kamar bersih, lokasi oke.",Ulasan terverifikasi dari tiket.com
41,5,Aprilia Kirana,9 April 2025,Trip Keluarga,"5,0",Parkir dengan penerangan yang baik. Kebersihannya tak tertandingi.,Ulasan terverifikasi dari tiket.com
42,1,M,6 April 2025,Trip Keluarga,"4,0",Pelayanan sangat baik. Tempatnya sangat nyaman.,Ulasan terverifikasi dari tiket.com
42,2,Dokter,6 April 2025,Trip Pasangan,"5,0","makanan enak, harga kamar affordable dan lokasi hotel strategis!",Ulasan terverifikasi dari tiket.com
42,3,DAN,4 April 2025,Trip Keluarga,"5,0","Ini mah hotel tempat favorite, nyambung ke mall pula.. Sssttt breakfast ya tiada banding 😍😍 Budget-friendly, premium comfort.",Ulasan terverifikasi dari tiket.com
42,4,Dyan Oy oy,4 April 2025,Trip Keluarga,"5,0",Cakepp lumyn bgus untuk liburan keluarga,Ulasan terverifikasi dari tiket.com
60,3,Umi Azizah,30 November 2024,Trip Pasangan,"5,0",Desain mewah. Akses ke toko terdekat mudah.,Ulasan terverifikasi dari tiket.com
60,4,Joel Hutagalung,27 November 2024,Trip Keluarga,"4,0",Terjangkau tapi istimewa. Program liburan anak-anak.,Ulasan terverifikasi dari tiket.com
60,5,Ria Nurulita,25 November 2024,Perjalanan Bisnis,"5,0","Aaak shock bgt, terakhir kesini gym nya gak oke, sekarang dia udh gabung ama osbond donggg, sumpah pgn staycation deh rasanya, tempat renangnya juga asik, truss emang santika perkara makan tuh enak, dn yah seperti biasa room nya sgt spacious dan nyamannnLihat lebih sedikit",Ulasan terverifikasi dari tiket.com
61,1,Erna Wati,25 November 2024,Trip bareng Teman,"5,0","Makanan enak, ruangan nyaman",Ulasan terverifikasi dari tiket.com
61,2,Agustina Lumban Raja,24 November 2024,Trip Keluarga,"5,0",Parkir nyaman. Dekat dengan tempat makan.,Ulasan terverifikasi dari tiket.com
61,3,MF,22 November 2024,Trip Keluarga,"4,0",Kamar nya bagus cocok buat keluarga,Ulasan terverifikasi dari tiket.com
61,4,Natasya Meidiana Akhda,22 November 2024,Trip Pasangan,"4,2",bagus nyamann dan ada bathub,Ulasan terverifikasi dari tiket.com
61,5,DAN,20 November 2024,Trip Pasangan,"5,0",Rekomen banget sih Pelayanan tamu istimewa. Pelayanan tamu istimewa. Resepsionis yang sigap.,Ulasan terverifikasi dari tiket.com
62,1,DN,19 November 2024,Perjalanan Sendirian,"4,8",Santika always bagus.,Ulasan terverifikasi dari tiket.com
62,2,Henry Chandra,18 November 2024,Trip Pasangan,"5,0","Kamar bersih, AC dingin, sarapan enak2 semua, nyaman pokoknya deh Area yang tenang dan damai.",Ulasan terverifikasi dari tiket.com
62,3,MM,18 November 2024,Trip Pasangan,"5,0",Petugas resepsionis ramah. Pelayanan kamar sangat cepat. Top.,Ulasan terverifikasi dari tiket.com
62,4,YM,18 November 2024,Trip bareng Teman,"4,0","Bagus, kamarnya bersih dan nyaman",Ulasan terverifikasi dari tiket.com
62,5,DF,17 November 2024,Perjalanan Bisnis,"4,0",Kebersihan nggak ada lawan.,Ulasan terverifikasi dari tiket.com
63,1,DENGAN,15 November 2024,Trip Keluarga,"4,0",Koneksi internet gratis. Aman aja,Ulasan terverifikasi dari tiket.com
63,2,Muhammad Rifky Wibiantoro,13 November 2024,Perjalanan Bisnis,"5,0",Hidangan tradisional yang lezat.,Ulasan terverifikasi dari tiket.com
63,3,TIDAK,10 November 2024,Trip Pasangan,"5,0",Kolam renang luas. Kuliner berkualitas tinggi.,Ulasan terverifikasi dari tiket.com
63,4,NOR AINI,10 November 2024,Perjalanan Bisnis,"5,0",Sudah beberapa kali nginap di sini. Terjangkau dan nice.. lengkap dan dekat mall pula,Ulasan terverifikasi dari tiket.com
63,5,NOR AINI,10 November 2024,Perjalanan Bisnis,"5,0",Over all oke. Cuma aksek keluar masuk hotel aja yg agak sulit,Ulasan terverifikasi dari tiket.com
64,1,NL,5 November 2024,Trip Keluarga,"4,0",Harga ramah kantong. Ruang bersih dan harum banget.,Ulasan terverifikasi dari tiket.com
64,2,TETAPI,5 November 2024,Perjalanan Sendirian,"3,0","Hotel nggak banget, sekelas santika cuman santika ini yg kureng. check in telat nunggu sejam lebih udah gtu check outnya diburu2 hadeeehhh. lokasinya agak susah ditemui masuknya ribet soalnya d atas mol. untuk fasilitas gym dan resto enggak tau. nggak d cobain. better cari hotel lain deh d deket situ masih banyak yg okeLihat lebih sedikit",Ulasan terverifikasi dari tiket.com
64,3,Fransisca Maharani,4 November 2024,Trip Pasangan,"5,0","Kamar sudah disterilisasi. Dekorasinya artistik. Hotel super hemat, kelas atas. Pelayanan prima. Pelayan yang cepat tanggap. Terbaik staff ramah banget, kamar bersiiiihhhhhhh top pokoknya",Ulasan terverifikasi dari tiket.com
64,4,MATAHARI,4 November 2024,Perjalanan Sendirian,"4,6","Lokasi strategis, menu makanan pada sarapan pagi bervariasi. Mantul lah",Ulasan terverifikasi dari tiket.com
64,5,MENGHADAPI,1 November 2024,Trip Keluarga,"5,0","Staff sangat membantu, kamar serta perlengkapanya bersih wangi, nyari tempat makan mudah",Ulasan terverifikasi dari tiket.com
71,3,DARI,28 September 2024,Perjalanan Bisnis,"5,0",Petugas resepsionis ramah. Staf yang penuh keahlian dan tulus.,Ulasan terverifikasi dari tiket.com
71,4,DARI,28 September 2024,Perjalanan Bisnis,"5,0",Pencahayaan sangat baik. Parkir selalu terawat.,Ulasan terverifikasi dari tiket.com
71,5,Yahya Yahya,25 September 2024,Trip Keluarga,"5,0",secara keseluruhan sangat baik pelayanan staff dan fasilitias hotel..,Ulasan terverifikasi dari tiket.com
72,1,pada,23 September 2024,Perjalanan Bisnis,"4,2",Kamar yang bersih dan rapi. Harga sebanding dengan yang didapatkan.,Ulasan terverifikasi dari tiket.com
72,2,RINTO ARYANTO,21 September 2024,Trip Keluarga,"5,0",Luas bersih makanan enak,Ulasan terverifikasi dari tiket.com
72,3,Gomgom Loloria Sitohang,21 September 2024,Trip Keluarga,"5,0",Oke.....oke .oke.oke. ...............,Ulasan terverifikasi dari tiket.com
72,4,Arij Rihhadatul,21 September 2024,Trip Keluarga,"5,0","kereenn bangett, superr cozyy",Ulasan terverifikasi dari tiket.com
72,5,Gita Baru,20 September 2024,Perjalanan Sendirian,"5,0",Sarapan gratis. Hidangannya penuh warna.,Ulasan terverifikasi dari tiket.com
73,1,Gita Baru,20 September 2024,Perjalanan Sendirian,"5,0",Area koktail eksklusif. Ada program rekreasi keluarga.,Ulasan terverifikasi dari tiket.com
73,2,DENGAN,18 September 2024,Trip Pasangan,"5,0",Interior dengan warna ceria. Staf yang hangat.,Ulasan terverifikasi dari tiket.com
73,3,SS,17 September 2024,Trip Keluarga,"5,0","Pelayanan bagus, makanan enak.",Ulasan terverifikasi dari tiket.com
73,4,Tubagus Muhammad Dimas Kurniawan,17 September 2024,Trip Keluarga,"5,0","Bagus, rapih, pelayanan sangat baik.. fasilitas lengkap..",Ulasan terverifikasi dari tiket.com
73,5,Agni Dertha Octora,17 September 2024,Trip Keluarga,"4,0","Bersih, makanan enak, pelayanan oke",Ulasan terverifikasi dari tiket.com
74,1,Silvia sudah,16 September 2024,Perjalanan Sendirian,"5,0",Enak kok banget puas nginep dimari kamar bersih,Ulasan terverifikasi dari tiket.com
74,2,Gomgom Loloria Sitohang,16 September 2024,Trip Keluarga,"5,0","Oke ......bgt...,...",Ulasan terverifikasi dari tiket.com
74,3,A,16 September 2024,Perjalanan Sendirian,"5,0",Suasana bersih dan menyegarkan. Tersedia program keanggotaan eksklusif.,Ulasan terverifikasi dari tiket.com
74,4,A,16 September 2024,Perjalanan Sendirian,"5,0","Kamar terjaga dengan baik. Rasanya di luar ekspektasi, enak banget.",Ulasan terverifikasi dari tiket.com
74,5,ADALAH,16 September 2024,Trip Pasangan,"5,0",Dekat dengan pusat perbelanjaan.,Ulasan terverifikasi dari tiket.com
75,1,Mayra Rosana,14 September 2024,Trip Keluarga,"5,0","Hotelnya bagus, staff sangat ramah dan membantu. Hotel menyatu dengan mall, jadi kalau anak bosen atau lapar tinggal turun. Sayangnya karena mungkin sedang full, saat sarapan agak lama menunggu meja kosong. Tapi overall staff membantu. Terima kasih Hotel Santika.Lihat lebih sedikit",Ulasan terverifikasi dari tiket.com
75,2,DENGAN,13 September 2024,Trip Pasangan,"5,0",Terletak di area eksklusif. Interior megah.,Ulasan terverifikasi dari tiket.com
75,3,DENGAN,9 September 2024,Trip Keluarga,"5,0",Parkir dengan pelayanan prima. Tempat parkir yang luas.,Ulasan terverifikasi dari tiket.com
75,4,DENGAN,9 September 2024,Trip Pasangan,"5,0","bagus menarik tempatnya, enak dan nyaman",Ulasan terverifikasi dari tiket.com
75,5,HAI,7 September 2024,Perjalanan Sendirian,"5,0",Desain kolam yang kontemporer. Suasana malam yang hidup. Pelayanan tamu istimewa.,Ulasan terverifikasi dari tiket.com
76,1,Rini indah tovania,7 September 2024,Perjalanan Sendirian,"5,0",Aksesibilitas bagus. Makanan gurih dan nikmat.,Ulasan terverifikasi dari tiket.com
76,2,HAI,5 September 2024,Perjalanan Sendirian,"5,0",Pemandangan laut yang menakjubkan. Parkir terbuka luas. Suasana romantis di sore hari. Interior indah. Resepsionis yang ramah anak dan profesional.,Ulasan terverifikasi dari tiket.com
76,3,Siti Marlia Nopriyanti,5 September 2024,Perjalanan Bisnis,"5,0","Pelayanannya oke, ada keluhan lgs di selesaikan, makanan breakfast juga enak2, tempat yg bersih dan nyaman ,🥰",Ulasan terverifikasi dari tiket.com
76,4,Anisa Dwi Rachmawati,5 September 2024,Trip Keluarga,"5,0",Makanan hotel super enak. Dekat pusat perbelanjaan. Desain kolam modern. Pelayan yang ramah.,Ulasan terverifikasi dari tiket.com
76,5,MJ,3 September 2024,Perjalanan Sendirian,"5,0",Pilihan makanan sehat banyak. Dekorasinya artistik. Terletak di area eksklusif. Dekorasi kolam bagus. Dekorasi kolam bagus. Penginapan budget.,Ulasan terverifikasi dari tiket.com
77,1,Sherwin Rahardjo,2 September 2024,Perjalanan Sendirian,"5,0","Sangat bagus, direkomendasikan di Bekasi",Ulasan terverifikasi dari tiket.com
104,4,Bayu Rimang,30 April 2024,Perjalanan Sendirian,"5,0",Tersedia area duduk keluarga. Hidangan yang menggugah selera.,Ulasan terverifikasi dari tiket.com
104,5,Bayu Rimang,30 April 2024,Perjalanan Sendirian,"5,0",Staf sangat ramah anak. Ada fasilitas kebugaran yang modern. Dekat dengan pusat seni.,Ulasan terverifikasi dari tiket.com
105,1,MULYADI,29 April 2024,Trip Keluarga,"5,0",Hemat uang tapi tetap mewah. Layanan berkualitas.,Ulasan terverifikasi dari tiket.com
105,2,Windu Adi,29 April 2024,Trip Keluarga,"5,0",Hidangan sarapan yang lezat.,Ulasan terverifikasi dari tiket.com
105,3,Wahyu Irwansyah,28 April 2024,Trip bareng Teman,"5,0",Bagus. Nyaman. Makanannya variatif,Ulasan terverifikasi dari tiket.com
105,4,KS,25 April 2024,Trip bareng Teman,"5,0",Pilihan menu room service banyak.,Ulasan terverifikasi dari tiket.com
105,5,A A,24 April 2024,Trip Keluarga,"4,6","Oke bgt hotelnya, bersish ya karna santika memang sudah tdk awam utk hotel bintang mya. Namun kami sempat di dtgi sama cheff dan pelayan saat bfast utk ditawarkan jd member santika, tp nyatanya sampai saat ini sy blm di wa utk konfirmasi membernyaLihat lebih sedikit",Ulasan terverifikasi dari tiket.com
106,1,DF,24 April 2024,Perjalanan Bisnis,"4,0",Kebersihan di seluruh area hotel. Akses mudah,Ulasan terverifikasi dari tiket.com
106,2,Fanny Dian,23 April 2024,Perjalanan Sendirian,"4,0",Bagus sekali,Ulasan terverifikasi dari tiket.com
106,3,Jusiyanto Jusiyanto,22 April 2024,Trip Keluarga,"5,0",Ok semoga semakin bagus fasilitas,Ulasan terverifikasi dari tiket.com
106,4,Dewi Arum Sekti,21 April 2024,Trip Keluarga,"5,0","Full fasilitas family , akses fasilitas gampang",Ulasan terverifikasi dari tiket.com
106,5,Muhammad Mirza,17 April 2024,Trip Keluarga,"2,0","Sengaja pilih kamar paling luas , buat santai dengan kluarga, tapi sayang bathub klw di isi air panas selalu kluar air warna keruh dan bikin serem istri, 2X di isi awal jernih sdh itu jadi keruh kayak air lumpur, tolong dicek lg ya, Selebihnya okLihat lebih sedikit",Ulasan terverifikasi dari tiket.com
107,1,Karlina Karlina,17 April 2024,Perjalanan Bisnis,"5,0",Lokasi mudah di cari,Ulasan terverifikasi dari tiket.com
107,2,Noviyanti Eyza Arra,16 April 2024,Trip Keluarga,"5,0","Semua Ok fasilitas Ok,.itinery, air panas pelayanan breakfast ok.semua.kcuali 1 pas mau minjem handuk aga jauh harus ke resepsionos dulu",Ulasan terverifikasi dari tiket.com
107,3,Dhanam Osesta,15 April 2024,Trip Keluarga,"4,0",Suasana super nyaman.,Ulasan terverifikasi dari tiket.com
107,4,FS,15 April 2024,Trip Pasangan,"3,6","kurang nya ga ada mini kulkas kamar mandinya kalo bisa jgn transparan karna saya tipe yg kalo tidur harus gelap, dan kalo lampu kamar mandi di matikan agak takut 😁🙏🏻 sisa nya oke sih, ac dingin tv aman sarapan jg oke Budget-friendly, cocok dapat rating bagus. Budget-friendly, cocok dapat rating bagus. Budget-friendly, cocok dapat rating bagus.Lihat lebih sedikit",Ulasan terverifikasi dari tiket.com
107,5,Ruth Lina Rogabe,14 April 2024,Trip Keluarga,"5,0",Menginap di sini menyenangkan!,Ulasan terverifikasi dari tiket.com
108,1,DAN,13 April 2024,Trip bareng Teman,"5,0",Chef hotel-nya ahli banget. Penawaran spesial. Suasana sangat hangat.,Ulasan terverifikasi dari tiket.com
108,2,AKU G,13 April 2024,Trip Keluarga,"4,2",Kolam terjaga dengan baik. Pelayanan untuk tamu sangat istimewa. Kombinasi makanan hotel sangat cocok.,Ulasan terverifikasi dari tiket.com
108,3,Evy Styani,13 April 2024,Trip Keluarga,"5,0",Pelayanan kamar 24 jam. Harga ramah kantong. Staf yang penuh keramahan dan sigap.,Ulasan terverifikasi dari tiket.com
108,4,Vita Sari Oktavia Simanjuntak,12 April 2024,Trip Pasangan,"5,0",Bagus. Makanan juga enak enak semua. Aku suka banget. Rekomendasi sih ini walau bintang 3 Pelayanan juga ramah banget dekat mall,Ulasan terverifikasi dari tiket.com
108,5,Dewi Meta Mutiara,12 April 2024,Trip Pasangan,"5,0",Suasana bersih dan terjaga. Ada fasilitas rekreasi keluarga. Ada ruang rapat. Suasana malam yang meriah. Parkir strategis dan terjangkau.,Ulasan terverifikasi dari tiket.com
109,1,PAGI,11 April 2024,Perjalanan Bisnis,"5,0",Rapi dan terjaga. Tempat parkir terang.,Ulasan terverifikasi dari tiket.com
109,2,Anka Kartiwa,9 April 2024,Trip Pasangan,"5,0","Hemat biaya, lokasi ideal.",Ulasan terverifikasi dari tiket.com
109,3,Wahyu Kini Terkonfirmasi,8 April 2024,Trip Keluarga,"4,0",Ruangan bersih dan nyaman banget.,Ulasan terverifikasi dari tiket.com
109,4,Ilham Henjanuar,8 April 2024,Trip Keluarga,"5,0",Suasana bersih dan segar. Staf yang penuh perhatian dan peduli.,Ulasan terverifikasi dari tiket.com
109,5,Aku yang Menirukan Suara Adhika,8 April 2024,Trip Keluarga,"5,0",Secara keseluruhan rapi. Secara keseluruhan rapi.,Ulasan terverifikasi dari tiket.com
110,1,RI,7 April 2024,Perjalanan Sendirian,"3,0",Lumayan bersih dan friendly staff,Ulasan terverifikasi dari tiket.com
110,2,ya ampun,6 April 2024,Trip Keluarga,"5,0","AC dingin. Hotel murah, kualitas premium. Pelayan yang responsif dan ahli di bidangnya. Pelayan yang responsif dan ahli di bidangnya.",Ulasan terverifikasi dari tiket.com
110,3,A,6 April 2024,Perjalanan Sendirian,"5,0",Area bermain anak menyenangkan. Hidangannya menggoda untuk dipesan. Hidangannya menggoda untuk dipesan. Tepi kolam bikin ingin bersantai.,Ulasan terverifikasi dari tiket.com
110,4,KS,5 April 2024,Perjalanan Bisnis,"5,0",Parkir mudah diakses. Staf yang tepat waktu dan terlatih baik.,Ulasan terverifikasi dari tiket.com
110,5,KS,5 April 2024,Perjalanan Bisnis,"5,0",Kualitas pelayanan terbaik. Staf yang tepat waktu dan terlatih baik.,Ulasan terverifikasi dari tiket.com
111,1,KS,5 April 2024,Perjalanan Bisnis,"5,0","Tarif terjangkau, fasilitas eksklusif. Pelayan yang cepat tanggap.",Ulasan terverifikasi dari tiket.com
111,2,Iqbal Dwi Cahyo,2 April 2024,Trip Keluarga,"4,0",Akses mudah ke mana-mana. Resepsionis yang cekatan dan kompeten. Kamar bersih dan rapi banget.,Ulasan terverifikasi dari tiket.com
130,3,Eri Prasetyo,31 Desember 2023,,"5,0",Bagus,Ulasan terverifikasi dari tiket.com
141,2,Idul Adha Ramadan,27 November 2023,Trip Keluarga,"2,8","Sengaja pilih kamar bathup, tp airnya yg keluar kotor banget. Jadinya j**** duluan.",Ulasan terverifikasi dari tiket.com
143,2,Cindy Jovita,21 November 2023,Trip Keluarga,"4,0",Pelayanan dan kamarnya ok.,Ulasan terverifikasi dari tiket.com
143,3,CJ,21 November 2023,Trip Keluarga,"4,0",Kamarnya ok dan bersih. Service baik,Ulasan terverifikasi dari tiket.com
144,1,widya puspa indah putri m,20 November 2023,Trip Keluarga,"5,0",Mantap luar biasa 👍,Ulasan terverifikasi dari tiket.com
146,2,widya puspa indah putri m,9 November 2023,Trip Keluarga,"5,0",Memuaskan sekali menginap di santika hotel mega bekasi. Seluruh staff ramah dan ramah Makanan nya pun enak dan bervariasi Anak2 puas menginap dsni sampai menambah hari... Terimakasih santika,Ulasan terverifikasi dari tiket.com
156,4,Sri Widyanti,23 September 2023,,"5,0",Senang banget nginap dihotel ini....kamarnya bersih sarapannya beranekaragam menunya enak......pelayanannya 👍🤩👍,Ulasan terverifikasi dari tiket.com
157,4,VS,17 September 2023,Perjalanan Sendirian,"5,0",Pelayanan baik,Ulasan terverifikasi dari tiket.com
158,3,VY,14 September 2023,Trip Keluarga,"4,8","Cukup puas, tetapi sayangnya air kolamnya keruh dan menyebabkan gatal.",Ulasan terverifikasi dari tiket.com
159,2,Adityo Nugroho,11 September 2023,,"5,0","Enak jg, fasilitas ok, mantap pokoknya",Ulasan terverifikasi dari tiket.com
160,1,Dokter,7 September 2023,Perjalanan Sendirian,"5,0","Menyenangkan menginap di sini, sarapan dan kamar juga baik. Meski tidak bisa mendapat kamar dengan balkon karena penuh, saya diberi kamar yang lebih luas.",Ulasan terverifikasi dari tiket.com
160,2,Kasyfil Qamar,6 September 2023,Trip Pasangan,"3,6","Ke hotel Santika Mega Bekasi krn ada acara sepupu nikahan di Bekasi Convention Centre..overall good hotel..fasilitas lengkap & punya akses lngsung ke mall.. kamar standar wlaupun mungkin agak sempit..d best is d services/cleaning services, restaurant @ d food best, some of receptionist so nice, other should be re-training especially d women reception.. d doorbell/security so kind & quick respon + helpfull.. 4 days @santika satisfied w notice..thx 4 services..👍👍Lihat lebih sedikit",Ulasan terverifikasi dari tiket.com
212,2,ADALAH,26 April 2023,,"4,0","Pelayanan bagus, fasilitas cukup baik. Ada kolam renang, fitness dan Playground. Sarapan juga bervariasi",Ulasan terverifikasi dari tiket.com
214,1,MF,15 April 2023,Perjalanan Sendirian,"4,8",👍👍👍👍👍👍,Ulasan terverifikasi dari tiket.com
214,4,SMA,13 April 2023,Trip Keluarga,"4,0","Pelayanan bagus bgt, lokasi strategis karena jadi satu sama mall. Mungkin untuk kebersihan bisa ditingkatkan, seperti lantai yg sepertinya belum dipel jadi nempel di kaki padahal kami bawa krucil kesini. Overall asik nginep disini.Lihat lebih sedikit",Ulasan terverifikasi dari tiket.com
245,4,dedi junaedi,18 Januari 2023,,"5,0",Terbaik,Ulasan terverifikasi dari tiket.com
263,4,Selandia Baru,17 Desember 2022,,"5,0",Oke,Ulasan terverifikasi dari tiket.com
272,2,Fino Buana Putra,30 November 2022,,"3,0",Tolong swimming pool diperhatikan dan dibersihkan lagi.,Ulasan terverifikasi dari tiket.com
272,5,HT,29 November 2022,Trip Keluarga,"5,0","Bersih, ramah2 dan sarapannya enak2.",Ulasan terverifikasi dari tiket.com
273,3,Sendy Amelia,27 November 2022,,"3,0","bagus, kamar mandi kurang bersih",Ulasan terverifikasi dari tiket.com
273,5,Tengku Shahdikar,27 November 2022,Trip Keluarga,"5,0",Breakfastnya variatif dan taste bangettt....,Ulasan terverifikasi dari tiket.com
276,4,SEBAGAI,21 November 2022,Perjalanan Sendirian,"4,0","pelayanan oke, ramah, tempat bersih, parkir di mall gratis minta voucher dr resepsionis,",Ulasan terverifikasi dari tiket.com
277,1,M N,21 November 2022,,"5,0",Bagus sekali Pelayanan ramah Sarapan enak Topp pokonya,Ulasan terverifikasi dari tiket.com
277,4,RM,19 November 2022,Trip Pasangan,"5,0","Hotelnya bersih, pelayanan ramah, breakfast nya jg enak dan variatif.",Ulasan terverifikasi dari tiket.com
277,5,Nur Alfiani,19 November 2022,,"5,0",Pelayanan bagus bersih banget dan recommended buat nginep2,Ulasan terverifikasi dari tiket.com
279,1,Alvina Nathasha,15 November 2022,Perjalanan Sendirian,"4,0","Diantara hotel2 di bekasi, yg gk terlalu mahal dan fasilitas oke cmn santika sih 🙏🏼",Ulasan terverifikasi dari tiket.com
279,3,cahyo atmoko,14 November 2022,,"5,0",Terimakasih untuk semuanya Hotelnya lumayan bersih dan rapi,Ulasan terverifikasi dari tiket.com
279,4,Octia Harvia Bethari,13 November 2022,Perjalanan Bisnis,"4,0",breakfastnyaaaa juara sekali ♥️,Ulasan terverifikasi dari tiket.com
279,5,TENTANG,13 November 2022,Trip Pasangan,"5,0","kamarnya juara, mungkin kebersihan kamar mandi sedikit ditingkatkan lagi",Ulasan terverifikasi dari tiket.com
280,1,TENTANG,13 November 2022,Perjalanan Bisnis,"5,0","Cintai hidup, tertawa 🤍",Ulasan terverifikasi dari tiket.com
295,4,Nabila Theresa,29 September 2022,,"1,0","tidak worth it sih menurut aku dgn harga sgtu dan lokasi sprti aprtment ,",Ulasan terverifikasi dari tiket.com
296,1,RR,29 September 2022,Perjalanan Sendirian,"5,0",Bagussss pelayanan ramaah makanan enak banget,Ulasan terverifikasi dari tiket.com
296,3,DARI,27 September 2022,Trip Keluarga,"5,0",Anak2 senang berenang dan menginap disana. Rekomend kamar deluxe luas utk keluarga,Ulasan terverifikasi dari tiket.com
297,3,Andra Yuliandi,25 September 2022,,"4,8",Hotel bersih dan nyaman,Ulasan terverifikasi dari tiket.com
299,3,Santi Sartika L Tobing,20 September 2022,Trip Pasangan,"5,0","Baru kali ini coba nginep di hotel Santika yg bukan premiere, ya memang berbeda sih tp tetep bagus pelayanannya, makanannya jg enak2, gak zonk, staffnya ramah dan roomnya juga bersih bgt..thank you Santika..Lihat lebih sedikit",Ulasan terverifikasi dari tiket.com
302,1,Winda Dwi Murwati,12 September 2022,,"5,0","Rekomendasi hotel di kota bekasi yg nempel dg mall, tinggal naik lift turun bbrp lantai tiba di mall, buat shopping atau sekedar cari makan. Room nyaman, hanya blm ada kulkas. Pool anak kurang luas.",Ulasan terverifikasi dari tiket.com
302,2,J Hermanto Rajagukguk,12 September 2022,Trip Pasangan,"3,4","Kamar lembab, kurang bersih.",Ulasan terverifikasi dari tiket.com
304,3,Mulyono Mulyono,10 September 2022,,"4,6","Lokasi bagus, fasilitas sesuai harga",Ulasan terverifikasi dari tiket.com
304,5,DI DALAM,10 September 2022,Trip Pasangan,"5,0","selalu terbaik apalagi skrg dah normal, sarapan udh prasmanan gk kaya dulu diambilin hehee",Ulasan terverifikasi dari tiket.com
305,5,II,8 September 2022,Trip bareng Teman,"4,0",Dapat harga okayy. Semogaaa lebih banyak promonya lagiui,Ulasan terverifikasi dari tiket.com
306,1,ITU,7 September 2022,Trip Pasangan,"4,8","Hotel dan pelayanannya bagus, masakan²nya variasi dari eastern sampai western, rasa masakan lumayan, kebersihan hotel lumayan, harga sesuai. Recommended untuk menginap disini.",Ulasan terverifikasi dari tiket.com
306,5,Tommy Tommy,7 September 2022,Perjalanan Bisnis,"4,2","Secara keseluruhan Oke, Direkomendasikan",Ulasan terverifikasi dari tiket.com
345,1,AH,27 April 2022,Trip Keluarga,"2,4","budget dengan harga sigitu harusnya dapat kamar yang bagus dan agak luas. makanan nya pun,,cuma itu doank. baru x ini anak dibawah 5 tahun kena charge saat makan dhotel g rekomended.",Ulasan terverifikasi dari tiket.com
345,5,RR,20 April 2022,Perjalanan Bisnis,"3,0",airnya keluar warna coklat,Ulasan terverifikasi dari tiket.com
347,1,FS,12 April 2022,Trip Pasangan,"4,8","Bagus, pelayanannya sangat ramah. Satu-satunya kekurangannya adalah kamarnya agak sempit, hehe, tapi tidak apa-apa.",Ulasan terverifikasi dari tiket.com
348,2,UB,1 April 2022,Keperluan Medis,"2,6",Kuliner restonya gak ada yang istimewa cuma harganya mahal bet,Ulasan terverifikasi dari tiket.com
369,4,Tommy Tommy,30 November 2021,Perjalanan Bisnis,"4,0","Secara keseluruhan Oke, Direkomendasikan...",Ulasan terverifikasi dari tiket.com
369,5,DAN,21 November 2021,Lainnya,"4,0",oke-oke aja tapi cukup standar untuk sekelas santika,Ulasan terverifikasi dari tiket.com
370,1,Bagus Ario,15 November 2021,Lainnya,"4,2",cukup worth it dengan harga yg ditawarkan,Ulasan terverifikasi dari tiket.com
370,2,marthin wahyudhiyantoro,13 November 2021,Trip Pasangan,"4,0",layanan bagus dan fasilitas enak,Ulasan terverifikasi dari tiket.com
370,3,PADA,9 November 2021,Lainnya,"5,0",Baik enak nyaman tempat bersih sipp lah,Ulasan terverifikasi dari tiket.com
370,4,AP,8 November 2021,Trip Keluarga,"5,0","makanannya kurang beragam,kalo kamar oke cocok untuk perokok karena ada balkonnya",Ulasan terverifikasi dari tiket.com
370,5,AP,8 November 2021,Trip Keluarga,"5,0","pilihan sarapannya kurang beragam,kalo kamar oke ada balkonnya buat yg suka ngerokok cocok bgt",Ulasan terverifikasi dari tiket.com
371,1,A A,7 November 2021,Perjalanan Bisnis,"3,0",bagus bersih nyaman dan,Ulasan terverifikasi dari tiket.com
371,2,FP,4 November 2021,Perjalanan Sendirian,"4,0",breakfast krg variasi,Ulasan terverifikasi dari tiket.com
371,3,ITU,1 November 2021,Perjalanan Bisnis,"4,0",overall bagus (sesuai harga),Ulasan terverifikasi dari tiket.com
375,2,Stella Patriciana,28 September 2021,Lainnya,"2,8","kamar ac kurang dingin,dan agak sempit,pencahayaan juga kurang ,lampunya untuk bekerja tidak pas",Ulasan terverifikasi dari tiket.com
375,3,Fitri Anggreani,23 September 2021,Perjalanan Sendirian,"4,0",cukup strategis. aksesnya mudah sekali. fasilotaa dan pelanananya ok.,Ulasan terverifikasi dari tiket.com
375,4,pada,22 September 2021,Trip Keluarga,"2,8",untuk hotelnya ok.. cm akses kedalam hotelnya yg agak susah..,Ulasan terverifikasi dari tiket.com
375,5,budhi prasetia w,19 September 2021,Trip bareng Teman,"3,0",Breakfast dapat free tapi pilihanya sedikit . Saya ingin complain kamar no 611 viewnya kurang bagus ditambah bau masakan pagi pagi sangat mengganggu,Ulasan terverifikasi dari tiket.com
376,1,SS,10 September 2021,Lainnya,"5,0",Cek in nya cpt dan Hotel bersih dan nyaman,Ulasan terverifikasi dari tiket.com
376,2,SH,7 September 2021,Trip Keluarga,"5,0","Luar biasa, bersih 😍😍😍",Ulasan terverifikasi dari tiket.com
376,3,SH,7 September 2021,Trip Keluarga,"5,0","Luar biasa, bersih😍😍😍",Ulasan terverifikasi dari tiket.com
387,4,Joel Septiadi,30 April 2021,Trip Keluarga,"4,0",bagusss stratetigiss,Ulasan terverifikasi dari tiket.com
387,5,Pekerjaan Utama,30 April 2021,Perjalanan Sendirian,"3,0",Ddgjjjhdssssxvhjjuyrdd,Ulasan terverifikasi dari tiket.com
388,1,Fachmy Azis,29 April 2021,Lainnya,"4,6",lokasinya jd satu sama mall harusnya ada akses sendiri menuju hotel langsung dr parkiran mall atau lobby. kmrn sampe hotel malem dan mall sudah tutup jd kebingungan nyari akses masuk. dan harus pake lift barang dr basement. selebihnya untuk kebersihan dan fasilitas hotel sangat bagus ga ada masalah. hanya kendala di akses sajaLihat lebih sedikit,Ulasan terverifikasi dari tiket.com
388,2,AH,28 April 2021,Trip Keluarga,"5,0",hotel diatas mall dan strategis,Ulasan terverifikasi dari tiket.com
388,3,MISALNYA,27 April 2021,Trip Keluarga,"4,0",Bagus bagus bagus bagus bagus bagus bagus bagus bagus,Ulasan terverifikasi dari tiket.com
388,4,KE,25 April 2021,Perjalanan Bisnis,"5,0","Sudah cukup baik, staffnya ramah ramah",Ulasan terverifikasi dari tiket.com
388,5,KS,20 April 2021,Perjalanan Sendirian,"4,0","baik, nyaman, fasilitasnya lengkap",Ulasan terverifikasi dari tiket.com
389,1,A A,16 April 2021,Perjalanan Bisnis,"4,0",👍👍👍👍👍👍👍👍👍👍👍👍💪💪💪💪💪💪💪💪💪,Ulasan terverifikasi dari tiket.com
389,2,Adi Setiawan,5 April 2021,Lainnya,"3,0","Hmmm, sama seperti yang lainnya.",Ulasan terverifikasi dari tiket.com
389,3,A,3 April 2021,Perjalanan Bisnis,"3,0","Sarana parkir mobimbya tidak bagus, dan tidak adanug mengatur. Sehingga mobil saya tidak bisa keluar krn terkurung selama hampir 2 jam oleh mobil2 lainnya.",Ulasan terverifikasi dari tiket.com
397,4,WU,30 November 2020,Perjalanan Bisnis,"4,0","Lokasi strategis, kamar bagus, harga bagus.",Ulasan terverifikasi dari tiket.com
397,5,Ichan Daisy,22 November 2020,Perjalanan Bisnis,"3,4",".....,...................",Ulasan terverifikasi dari tiket.com
398,1,Perang Dunia,16 November 2020,Trip Keluarga,"5,0","Sangat menyenangkan menginap di Santika Mega City Bekasi. Lokasinya strategis, terhubung dengan pusat perbelanjaan memudahkan untuk menikmati free time di Bekasi. Kondisi kamar bagus, bersih, dan quite spacy. Staf sangat ramah, bahkan memberikan kami kesempatan untuk visit kamar terlebih dahulu untuk melihat apakah bed-nya memungkinkan untuk digunakan bertiga mengingat kami membawa anak kecil. Hanya saja, sarapan perlu ditambah variasi menunya. Terima kasih Santik. We'll be coming back for sure.Lihat lebih sedikit",Ulasan terverifikasi dari tiket.com
398,2,Adhityawarman,16 November 2020,Trip Keluarga,"3,8",hotelnya dekat mall jdi mudah utk jalan jalan,Ulasan terverifikasi dari tiket.com
398,3,VR,12 November 2020,Perjalanan Sendirian,"1,6","lokasi susah di akses tidak seperti aston di BCP. harga kurang worth it dengan fasilitas apalagi kamar sempit dan view nya tidak ada. kl yg view jalan hanya kamar delux ke atas. shower air tidak berfungsi dgn baik, semprotan air tidak terporos satu titik jadi sakit kena badan. sabun dan sampoo nya tidak wangi malah seperti bau balsam.Lihat lebih sedikit",Ulasan terverifikasi dari tiket.com
398,5,fransiska edriyani,27 September 2020,Trip Keluarga,"5,0","sangat merekomendasikan hotel Santika, semua point' nya oke dan mantap termasuk kecepatan dalam proses check in serta sangat memfasilitasi dalam early check in (sangat berarti untuk ibu ibu serta pasukannya), untuk harga makanan & minuman di restoran nya masih masuk akal dan terjangkau, rasanya juga enak, terintegrasi dg mall, keep your good job ya , sehat selalu buat semua team nya GbuLihat lebih sedikit",Ulasan terverifikasi dari tiket.com
399,1,Doni Fitra,24 September 2020,Perjalanan Bisnis,"3,6","sayang sekali, saya menginap disaat masa pandemic, sehingga tidak semua fasilitas dibuka seperti kolam renang. patut diacungi jempol terkait protokol kesehatan dimasa covid19 pada hotel ini 👍",Ulasan terverifikasi dari tiket.com
401,2,FF,20 November 2019,Perjalanan Sendirian,"4,6",Kaca shower berlumut spt jarang dibersihkan..overall lumayan lah. Tidak ambil paket sarapan jd blm bisa kasih review restoran,Ulasan terverifikasi dari tiket.com
403,2,SH,28 September 2019,Lainnya,"2,8",Kamar yang dipesan kecil. Shower juga rusak dan tidak dapat digunakan. Lantai berdebu Tidak seperti kamar yg kami pesan sebelumnya di santika. Mungkin karena saya check in malem diberikan kamar yang jarang digunakanLihat lebih sedikit,Ulasan terverifikasi dari tiket.com
403,3,WL,24 September 2019,Perjalanan Bisnis,"4,6",Suka sama pelayanannya,Ulasan terverifikasi dari tiket.com
403,4,LW,22 September 2019,Perjalanan Sendirian,"4,4",Lokasi hotel sangat strategis dan sangat dekat dengan pusat perbelanjaan. Staff ramah dan pelayanan sangat baik.,Ulasan terverifikasi dari tiket.com
403,5,RW,19 September 2019,Perjalanan Bisnis,"4,6",Mantap! Makanan nya juga enak dan beragam. Pelayanan ramah. Cuma kamar nya aja kayak kurang bersih.,Ulasan terverifikasi dari tiket.com
404,1,BL,17 September 2019,Trip Keluarga,"3,0",Rate Hotel untuk ruangan yang ditempati sedikit kurang sesuai.. Sarapan cukup variatif.,Ulasan terverifikasi dari tiket.com
404,2,Deborah Tambunan,16 September 2019,Perjalanan Bisnis,"4,0","Hotel baru, semuanya melebihi ekspektasi. Lokasi bagus dan bersih. Sarapan lumayan. Pertahankan kualitasnya!",Ulasan terverifikasi dari tiket.com
404,3,Mizardi Mizardi,14 September 2019,Perjalanan Bisnis,"3,8",spreinya sll kusut,Ulasan terverifikasi dari tiket.com
404,4,Leonardo Rudi Yanto,14 September 2019,Trip Keluarga,"5,0","Pelayanan nya sangat memuaskan, semua staff ramah. Hanya sarapan bbrp agak kering(lontong&nasi) mngkin krn lgsg terkena AC, rasa nya enak dan cukup variatif.",Ulasan terverifikasi dari tiket.com
404,5,pada,11 September 2019,Trip Pasangan,"4,6",⭐⭐⭐⭐⭐⭐⭐⭐⭐,Ulasan terverifikasi dari tiket.com
405,1,Didi Fauzan,7 September 2019,Trip Keluarga,"5,0","Lantai kamar mandinya licin sekali. Resiko bawa orangtua bisa terpleset dan jatuh. Untuk slain hal ini, kami suka fasilitasnya",Ulasan terverifikasi dari tiket.com
405,2,RW,4 September 2019,Perjalanan Bisnis,"2,0","hotel santika yg kamar mandinya kurang bersih, kamarnya jg kecil",Ulasan terverifikasi dari tiket.com
410,1,MENGHADAPI,24 April 2019,Trip Pasangan,"4,8",Fasilitas sangat lengkap dengan harga yang tidak terlalu mahal.,Ulasan terverifikasi dari tiket.com
410,2,JS,20 April 2019,Perjalanan Bisnis,"5,0",Harga terjangkau lokasi cukup strategis,Ulasan terverifikasi dari tiket.com
410,3,SMA,5 April 2019,Lainnya,"4,8","Ada colokan di samping westafel, tapi sayangnya hairdryernya tidak ada Pelayan di restoran saat sarapan, kurang ramah, mukanya pada manyun, masih ngantuk kali yah.. reseptionist dan satpamnya baik banget, kamar bersih, cukup luas.Lihat lebih sedikit",Ulasan terverifikasi dari tiket.com
