issue,conflicting_aspects,ID_Review,Platform,Nama_Hotel,Review_Date,Text_Review,Lokasi,Kenyamanan,Pelayanan,Kebersihan,Harga,Makanan,Fasilitas
duplicate_text_conflicting_labels,"Lokasi, Kenyamanan, Pelayanan, Kebersihan, Harga, Makanan, Fasilitas",952,Agoda,Hotel Santika Bogor,3/15/2021,#NAME?,none,negatif,positif,negatif,none,none,none
duplicate_text_conflicting_labels,"Lokasi, Kenyamanan, Pelayanan, Kebersihan, Harga, Makanan, Fasilitas",1645,Agoda,Hotel Santika Bogor,5/29/2012,#NAME?,positif,none,none,none,none,netral,none
duplicate_text_conflicting_labels,"Lokasi, Kenyamanan, Pelayanan, Kebersihan, Harga, Makanan, Fasilitas",1691,Agoda,Hotel Santika Bogor,8/31/2023,#NAME?,positif,netral,none,none,none,none,netral
duplicate_text_conflicting_labels,"Lokasi, Kenyamanan, Pelayanan, Kebersihan, Harga, Makanan, Fasilitas",2182,Agoda,Hotel Santika Cirebon,5/16/2022,#NAME?,positif,positif,none,none,none,negatif,none
duplicate_text_conflicting_labels,"Lokasi, Kenyamanan, Pelayanan, Kebersihan, Harga, Makanan, Fasilitas",4128,Tiket,Hotel Santika Bandung,11/18/2022,#NAME?,none,none,positif,none,none,negatif,negatif
duplicate_text_conflicting_labels,"Lokasi, Kenyamanan, Pelayanan, Kebersihan, Harga, Makanan, Fasilitas",4163,Tiket,Hotel Santika Bandung,6/18/2019,#NAME?,positif,negatif,positif,none,netral,none,none
duplicate_text_conflicting_labels,"Lokasi, Kenyamanan, Pelayanan, Kebersihan, Harga, Makanan, Fasilitas",7027,Traveloka,Hotel Santika Bandung,1/13/2016,#NAME?,positif,positif,none,none,none,positif,positif
duplicate_text_conflicting_labels,"Lokasi, Kenyamanan, Pelayanan, Kebersihan, Harga, Makanan, Fasilitas",7498,Traveloka,Hotel Santika Bogor,1/3/2024,#NAME?,none,none,none,none,none,positif,negatif
duplicate_text_conflicting_labels,"Lokasi, Kenyamanan, Pelayanan, Kebersihan, Harga, Makanan, Fasilitas",9807,Traveloka,Hotel Santika Cirebon,12/9/2015,#NAME?,positif,positif,none,positif,none,none,negatif
