recommended_action,source,count
sentiment_conflict_needs_expert,priority_model_disagreement,90
likely_missing_label,priority_model_disagreement,73
possible_missing_label,priority_model_disagreement,36
add_missing_reason_keep_label,label_reason_mismatch,35
possible_sentiment_label_review,priority_model_disagreement,30
likely_model_missed_aspect,priority_model_disagreement,26
reason_likely_wrong_aspect,label_reason_mismatch,24
possible_label_false_positive,priority_model_disagreement,23
likely_model_false_aspect,priority_model_disagreement,22
label_without_evidence_review,label_reason_mismatch,2
likely_missing_label_from_reason,label_reason_mismatch,2
