ID_Review,Platform,Nama_Hotel,Review_Date,Text_Review,Kenyamanan,Kebersihan,Pelayanan,Harga,Lokasi,Fasilitas,Makanan,Alasan_Kenyamanan,Alasan_Kebersihan,Alasan_Pelayanan,Alasan_Harga,Alasan_Lokasi,Alasan_Fasilitas,Alasan_Makanan
170,Agoda,Hotel Santika Bandung,2023-03-23,terima kasih to hotel santika bandung,,,,,,,,,,,,,,
352,Agoda,Hotel Santika Bandung,2013-07-22,hotel ini relatif tenang meskipun terletak dekat jalan utama. walaupun sudah tua tapi sudah diperbaharui sehingga kamarnya bersih. spa bagus untuk perawatan pijat.,netral,netral,,,positif,positif,,hotel ini relatif tenang meskipun terletak dekat jalan utama. ... walaupun sudah tua tapi sudah diperbaharui sehingga kamarnya bersih.,walaupun sudah tua tapi sudah diperbaharui sehingga kamarnya bersih.,,,hotel ini relatif tenang meskipun terletak dekat jalan utama.,spa bagus untuk perawatan pijat.,
380,Agoda,Hotel Santika Bandung,2012-10-27,"nikmati masa menginap dengan staf yang membantu. telah ditingkatkan ke kamar suite. kondisi toilet perlu dilakukan renovasi karena sudah tua. secara keseluruhan, kamar hotel yang bagus dengan staf yang membantu dan ramah.",netral,negatif,netral,,,,,"kondisi toilet perlu dilakukan renovasi karena sudah tua. ... secara keseluruhan, kamar hotel yang bagus dengan staf yang membantu dan ramah.",kondisi toilet perlu dilakukan renovasi karena sudah tua.,"nikmati masa menginap dengan staf yang membantu. ... secara keseluruhan, kamar hotel yang bagus dengan staf yang membantu dan ramah.",,,,
412,Agoda,Hotel Santika Bandung,2010-10-04,seperti pada review saya di atas hotel yang bagus dan menyenangkan dengan staf yang sangat membantu tetapi kurang fasilitas hotel bintang empat. paling nyaman bagi mereka yang suka berbelanja di factory outlet jalan riau karena jaraknya dapat dicapai dengan berjalan kaki. ada juga pusat perbelanjaan dan supermarket di seberang jalan.,netral,,netral,,positif,netral,,seperti pada review saya di atas hotel yang bagus dan menyenangkan dengan staf yang sangat membantu tetapi kurang fasilitas hotel bintang empat. ... paling nyam,,seperti pada review saya di atas hotel yang bagus dan menyenangkan dengan staf yang sangat membantu tetapi kurang fasilitas hotel bintang empat.,,paling nyaman bagi mereka yang suka berbelanja di factory outlet jalan riau karena jaraknya dapat dicapai dengan berjalan kaki.,seperti pada review saya di atas hotel yang bagus dan menyenangkan dengan staf yang sangat membantu tetapi kurang fasilitas hotel bintang empat. ... paling nyam,
477,Agoda,Hotel Santika Bandung,2024-04-23,limayan dengan harga segitu. baik kok,,,,negatif,,,,,,,limayan dengan harga segitu.,,,
488,Agoda,Hotel Santika Bandung,2024-01-03,bersih dan baik aja buat tinggal,,positif,,,,,,,bersih dan baik aja buat tinggal,,,,,
543,Agoda,Hotel Santika Bandung,2017-07-10,"ini adalah hotel favorite di bandung yang pertama kali dicari, bila tidak tersedia baru setelah itu cari yang lain",negatif,,,,,,,"ini adalah hotel favorite di bandung yang pertama kali dicari, bila tidak tersedia baru setelah itu cari yang lain",,,,,,
863,Agoda,Hotel Santika Megacity Bekasi,2023-04-18,pendingin di kamar tidak beraza sama skali. dari malem ks pagi keringetan pdahal sudah di setting seminimal mungkin.,netral,,,,negatif,,,pendingin di kamar tidak beraza sama skali.,,,,dari malem ks pagi keringetan pdahal sudah di setting seminimal mungkin.,,
885,Agoda,Hotel Santika Megacity Bekasi,2025-04-07,"untuk hotel dan restonya cukup memuaskan, hanya untuk akses keluar masuk wisatawan yang tidak membawa kendaraan harus dilerhatikan juga, karena akses keluarnya hanya lewat mall dan tidak bisa diakses dimalam hari",,,,,negatif,,positif,,,,,hanya untuk akses keluar masuk wisatawan yang tidak membawa kendaraan harus dilerhatikan juga,,untuk hotel dan restonya cukup memuaskan
1007,Agoda,Hotel Santika Megacity Bekasi,2019-09-22,"lokasi strategis krena dekat dengan mall, sya dpat kamar yang agk mengecewakan. rak handuk d kamar mndinya rusak, bnyak yang kropos d dindingnya, staf d resto ada yang kurang ramah. makanannya kurang variatif, selebihnya baik!",netral,negatif,negatif,netral,netral,negatif,netral,"lokasi strategis krena dekat dengan mall, sya dpat kamar yang agk mengecewakan. ... rak handuk d kamar mndinya rusak, bnyak yang kropos d dindingnya, staf d res","rak handuk d kamar mndinya rusak, bnyak yang kropos d dindingnya, staf d resto ada yang kurang ramah.","rak handuk d kamar mndinya rusak, bnyak yang kropos d dindingnya, staf d resto ada yang kurang ramah.","lokasi strategis krena dekat dengan mall, sya dpat kamar yang agk mengecewakan.","lokasi strategis krena dekat dengan mall, sya dpat kamar yang agk mengecewakan.","rak handuk d kamar mndinya rusak, bnyak yang kropos d dindingnya, staf d resto ada yang kurang ramah.","rak handuk d kamar mndinya rusak, bnyak yang kropos d dindingnya, staf d resto ada yang kurang ramah. ... makanannya kurang variatif, selebihnya baik!"
1011,Agoda,Hotel Santika Megacity Bekasi,,sangat berkesan karena bisa cepat pesan kamar dan murah melalui agoda,positif,,positif,positif,,,,sangat berkesan karena bisa cepat pesan kamar dan murah melalui agoda,,sangat berkesan karena bisa cepat pesan kamar dan murah melalui agoda,sangat berkesan karena bisa cepat pesan kamar dan murah melalui agoda,,,
1036,Agoda,Hotel Santika Megacity Bekasi,,harga kompetitif di bekasi,,,,negatif,,,,,,,harga kompetitif di bekasi,,,
1108,Agoda,Hotel Santika Bogor,2026-05-04,selalu puas dengan kebersihan keramahtamahan kompas gramedia group ini,,positif,positif,,,,,,selalu puas dengan kebersihan keramahtamahan kompas gramedia group ini,selalu puas dengan kebersihan keramahtamahan kompas gramedia group ini,,,,
1140,Agoda,Hotel Santika Bogor,2025-06-06,"hotel nya bersih, lokasi top diatas mall.",,positif,,,positif,,,,"hotel nya bersih, lokasi top diatas mall.",,,"hotel nya bersih, lokasi top diatas mall.",,
1347,Agoda,Hotel Santika Bogor,2018-04-16,"tidak ada pengawasan di area kolam renang, staf tidak jujur ​​tentang ketersediaan kamar, tidak mengkomunikasikan hak istimewa, operator jarang mengangkat panggilan, lift sangat kecil. lobi dan area parkir sangat tidak nyaman.",negatif,,negatif,,,negatif,,staf tidak jujur ​​tentang ketersediaan kamar,,staf tidak jujur ​​tentang ketersediaan kamar,,,tidak ada pengawasan di area kolam renang,
1374,Agoda,Hotel Santika Bogor,2015-11-24,bersenang-senang menginap di sini,,,,,,,,,,,,,,
1656,Agoda,Hotel Santika Bogor,2025-08-25,melihat keluarga dan anak yang menyenangkan selama liburan di hotel santika bogor,,,,,,,,,,,,,,
1721,Agoda,Hotel Santika Bogor,2024-07-20,bagus dekat dengan mall,,,,,positif,,,,,,,bagus dekat dengan mall,,
1731,Agoda,Hotel Santika Bogor,2024-04-16,"service memuaskan, masakan enak, staf ramah dan baik",,,positif,,,,positif,,,"service memuaskan, masakan enak, staf ramah dan baik",,,,"service memuaskan, masakan enak, staf ramah dan baik"
1744,Agoda,Hotel Santika Bogor,2024-02-26,"terbaik untuk kenyamanan, keamanan, lokasi yang sangat strategis dri transportasi umum serta pusat perbelanjaan.",positif,,,positif,positif,,,"terbaik untuk kenyamanan, keamanan, lokasi yang sangat strategis dri transportasi umum serta pusat perbelanjaan.",,,"terbaik untuk kenyamanan, keamanan, lokasi yang sangat strategis dri transportasi umum serta pusat perbelanjaan.","terbaik untuk kenyamanan, keamanan, lokasi yang sangat strategis dri transportasi umum serta pusat perbelanjaan.",,
1804,Agoda,Hotel Santika Bogor,2022-01-08,variasi untuk makanan pagi nya sedikit,,,,,,,negatif,,,,,,,variasi untuk makanan pagi nya sedikit
1890,Agoda,Hotel Santika Bogor,2015-07-22,sangat menyenangkan dan akan kembali lagi untuk liburan thn depan,,,,,,,,,,,,,,
1936,Agoda,Hotel Santika Bogor,2013-10-27,"kami menginap sayangnya hanya satu hari. anak2 senang bermain di kolam renang, dan jalan2 di mall malam hari",,,,,,,,,,,,,,
2010,Agoda,Hotel Santika Bogor,2012-02-04,"lokasi ya berada di dalam botani juction, memudahkan untuk mencari makan dan nerbelanja, dekat dengan pusat kota, lokasi sangat menyenangkan dan kamar sangat bersih dan besar.",,positif,,,positif,,positif,,"lokasi ya berada di dalam botani juction, memudahkan untuk mencari makan dan nerbelanja, dekat dengan pusat kota, lokasi sangat menyenangkan dan kamar sangat be",,,"lokasi ya berada di dalam botani juction, memudahkan untuk mencari makan dan nerbelanja, dekat dengan pusat kota, lokasi sangat menyenangkan dan kamar sangat be",,"lokasi ya berada di dalam botani juction, memudahkan untuk mencari makan dan nerbelanja, dekat dengan pusat kota, lokasi sangat menyenangkan dan kamar sangat be"
2089,Agoda,Hotel Santika Cirebon,2025-03-03,"saya menginap di kamar superior di hotel santika cirebon untuk kedua kalinya karena hotel ini cukup nyaman untuk bermalam. kamar tidur dan kamar mandi cukup luas dan dilengkapi dengan fasilitas yang memadai. salah satu nilai tambah yang luar biasa dari hotel ini adalah pembersihan kendaraan gratis, yang merupakan sentuhan yang bagus. menu sahurnya cukup lengkap dan enak. stafnya ramah, dan proses check-in dan check-out cepat dan efisien. secara keseluruhan, menginap di hotel ini adalah pengalaman yang sangat menyenangkan.",positif,positif,positif,positif,positif,positif,positif,saya menginap di kamar superior di hotel santika cirebon untuk kedua kalinya karena hotel ini cukup nyaman untuk bermalam.,"salah satu nilai tambah yang luar biasa dari hotel ini adalah pembersihan kendaraan gratis, yang merupakan sentuhan yang bagus.","stafnya ramah, dan proses check-in dan check-out cepat dan efisien.","salah satu nilai tambah yang luar biasa dari hotel ini adalah pembersihan kendaraan gratis, yang merupakan sentuhan yang bagus.",saya menginap di kamar superior di hotel santika cirebon untuk kedua kalinya karena hotel ini cukup nyaman untuk bermalam.,kamar tidur dan kamar mandi cukup luas dan dilengkapi dengan fasilitas yang memadai.,menu sahurnya cukup lengkap dan enak.
2237,Agoda,Hotel Santika Cirebon,2020-06-07,"kamar yang nyaman bersih. namun furniturnya agak kumuh, diperlukan peningkatan / perbaikan. secara keseluruhan, kami menikmati masa menginap kami. direkomendasikan.",positif,positif,,,,,,kamar yang nyaman bersih.,kamar yang nyaman bersih.,,,,,
2361,Agoda,Hotel Santika Cirebon,2013-01-02,tidak ada yang kurang dari luar biasa. saya datang ke tempat ini bersama istri dan bayi saya yang berumur 4 bulan. saya singgah di cirebon selama perjalanan ke semarang. saya mendapatkan istirahat yang sangat baik di cirebon dan saya sangat puas dengan pilihan saya menginap di hotel santika cirebon.,,,,,,,,,,,,,,
2677,Agoda,Hotel Santika Cirebon,2013-02-12,lokasi yang strategis namun sayangnya disebelah hotel adalah gedung pemerintahan dan pada saat sarapan pagi di hari jumat terganggu dengan suara musik senam massal. namun menu makanan cukup baik dengan menu tradisional nasi yang dibungkus dengan daun jati.,,,,netral,netral,,netral,,,,lokasi yang strategis namun sayangnya disebelah hotel adalah gedung pemerintahan dan pada saat sarapan pagi di hari jumat terganggu dengan suara musik senam mas,lokasi yang strategis namun sayangnya disebelah hotel adalah gedung pemerintahan dan pada saat sarapan pagi di hari jumat terganggu dengan suara musik senam mas,,lokasi yang strategis namun sayangnya disebelah hotel adalah gedung pemerintahan dan pada saat sarapan pagi di hari jumat terganggu dengan suara musik senam mas
2678,Agoda,Hotel Santika Cirebon,2013-02-03,"cukup bagus, variasi makanan paginya lumayan walaupun tidak banyak tapi televisi yang ada di kamar kecil sekali untuk harga yang lumayan mahal",netral,,,netral,,netral,netral,"cukup bagus, variasi makanan paginya lumayan walaupun tidak banyak tapi televisi yang ada di kamar kecil sekali untuk harga yang lumayan mahal",,,"cukup bagus, variasi makanan paginya lumayan walaupun tidak banyak tapi televisi yang ada di kamar kecil sekali untuk harga yang lumayan mahal",,"cukup bagus, variasi makanan paginya lumayan walaupun tidak banyak tapi televisi yang ada di kamar kecil sekali untuk harga yang lumayan mahal","cukup bagus, variasi makanan paginya lumayan walaupun tidak banyak tapi televisi yang ada di kamar kecil sekali untuk harga yang lumayan mahal"
2685,Agoda,Hotel Santika Cirebon,2013-01-07,"kamar bagus, , kamar mandi luas, , view mengahadap ke swiming pool. bagus abis",positif,,,,,,,"kamar bagus, , kamar mandi luas, , view mengahadap ke swiming pool.",,,,,,
2803,Agoda,Hotel Santika Depok,2025-01-10,"kami tinggal di sini dua malam. taksi sulit menemukan pintu masuk hotel. lokasinya strategis di sebelah pusat perbelanjaan kecil dan ada toko serba ada di dekatnya. tata letak ruangannya aneh. air conditioner di ruang tunggu tetapi tidak di kamar tidur, jadi kami merasa tidur di cuaca panas cukup sulit. air conditioner bermasalah dan bocor. sofa di ruang santai perlu diganti karena bernoda berat dan tidak nyaman untuk diduduki. kamar mandinya tidak sebersih yang kami inginkan, tapi baik. sarapannya enak dengan makanan lokal yang sangat kami nikmati",negatif,netral,,netral,netral,,netral,"air conditioner di ruang tunggu tetapi tidak di kamar tidur, jadi kami merasa tidur di cuaca panas cukup sulit.","sofa di ruang santai perlu diganti karena bernoda berat dan tidak nyaman untuk diduduki. ... kamar mandinya tidak sebersih yang kami inginkan, tapi baik.",,lokasinya strategis di sebelah pusat perbelanjaan kecil dan ada toko serba ada di dekatnya.,lokasinya strategis di sebelah pusat perbelanjaan kecil dan ada toko serba ada di dekatnya.,,"air conditioner di ruang tunggu tetapi tidak di kamar tidur, jadi kami merasa tidur di cuaca panas cukup sulit. ... sarapannya enak dengan makanan lokal yang sa"
2862,Agoda,Hotel Santika Depok,2024-02-09,"seperti yang saya katakan sebelumnya, salah satu hotel terbaik di kota depok. jangan pernah meragukannya.",,,,,positif,,,,,,,"seperti yang saya katakan sebelumnya, salah satu hotel terbaik di kota depok.",,
3044,Agoda,Hotel Santika Depok,2015-02-13,"bagaimanapun, sarapannya luar biasa. anda bisa menikmati hidangan dari seluruh indonesia yang berubah setiap harinya. stafnya baik dan menyenangkan. ini adalah kunjungan saya yang kedua. saya berencana untuk tinggal di sana lagi lain kali. sayangnya, ini terkait dengan handuk. itu buruk. mempertimbangkan harganya, saya rasa saya tidak punya pilihan selain berkompromi.",,negatif,positif,negatif,,negatif,negatif,,"sayangnya, ini terkait dengan handuk.",stafnya baik dan menyenangkan.,"mempertimbangkan harganya, saya rasa saya tidak punya pilihan selain berkompromi.",,"sayangnya, ini terkait dengan handuk.","mempertimbangkan harganya, saya rasa saya tidak punya pilihan selain berkompromi."
3064,Agoda,Hotel Santika Depok,2024-04-21,"lokasi dan layanan staf keduanya bagus. tapi bau kamar mandinya agak menyengat jadi saya tutup pintu kamar mandinya. meski kecil, kecoa juga muncul.",negatif,negatif,positif,,positif,,,tapi bau kamar mandinya agak menyengat jadi saya tutup pintu kamar mandinya.,tapi bau kamar mandinya agak menyengat jadi saya tutup pintu kamar mandinya.,lokasi dan layanan staf keduanya bagus.,,lokasi dan layanan staf keduanya bagus.,,
3088,Agoda,Hotel Santika Depok,2025-10-07,"staf baik sangat membantu dan yang jelas fasilitasnya bagus, makanan enak",,,positif,,,positif,positif,,,"staf baik sangat membantu dan yang jelas fasilitasnya bagus, makanan enak",,,"staf baik sangat membantu dan yang jelas fasilitasnya bagus, makanan enak","staf baik sangat membantu dan yang jelas fasilitasnya bagus, makanan enak"
3185,Agoda,Hotel Santika Depok,2021-08-28,"hotel sekelas santika msh kurang dalam fasilitas kamar, pelayanan bagus, untuk breakfast enak",netral,,netral,,,netral,netral,"hotel sekelas santika msh kurang dalam fasilitas kamar, pelayanan bagus, untuk breakfast enak",,"hotel sekelas santika msh kurang dalam fasilitas kamar, pelayanan bagus, untuk breakfast enak",,,"hotel sekelas santika msh kurang dalam fasilitas kamar, pelayanan bagus, untuk breakfast enak","hotel sekelas santika msh kurang dalam fasilitas kamar, pelayanan bagus, untuk breakfast enak"
3356,Agoda,Hotel Santika Tasikmalaya,2024-12-12,"hotel yang bagus dengan kolam renang, makanan lezat",,,,,,positif,positif,,,,,,"hotel yang bagus dengan kolam renang, makanan lezat","hotel yang bagus dengan kolam renang, makanan lezat"
3435,Agoda,Hotel Santika Tasikmalaya,2018-06-15,pemeliharaan perlu banyak ditingkatkan.,,,,,,,,,,,,,,
3636,Agoda,Hotel Santika Tasikmalaya,2025-04-18,bagus kalau nginap di hotel santika via agoda,,,,,,,,,,,,,,
3647,Agoda,Hotel Santika Tasikmalaya,2024-08-25,nyaman untuk staycation keluarga,positif,,,,,,,nyaman untuk staycation keluarga,,,,,,
3754,Agoda,Hotel Santika Tasikmalaya,2017-04-13,"harga pas, lokasi bagus, kamar bersih dan luas",netral,netral,,netral,netral,,,"harga pas, lokasi bagus, kamar bersih dan luas","harga pas, lokasi bagus, kamar bersih dan luas",,"harga pas, lokasi bagus, kamar bersih dan luas","harga pas, lokasi bagus, kamar bersih dan luas",,
3882,Agoda,Hotel Santika Tasikmalaya,2012-04-17,"proses check-in cukup baik, termasuk handling travel bag. petugas hotel cukup ramah. minus: - lift (kapasitas 1500kg) sangat lambat, dan sering muncul peringatan ""overload"" walaupun cuma berisi 4 orang dewasa. - bangunan yang relatif baru, masih sering tercium aroma cat.",,,netral,,,negatif,,,,"proses check-in cukup baik, termasuk handling travel bag. ... petugas hotel cukup ramah. ... minus: - lift (kapasitas 1500kg) sangat lambat, dan sering muncul p",,,"minus: - lift (kapasitas 1500kg) sangat lambat, dan sering muncul peringatan ""overload"" walaupun cuma berisi 4 orang dewasa.",
3943,Tiket,Hotel Santika Bandung,2025-09-13,staf nya baik semua. tambhin menu nya biar lebih byk pilihan. 2 malam disini. menyenangkan. cuma sapet kamar ujung. kalau malem seremm ajahh. krna lorkng kamar nya open space. bukan sprti hotel2 saat ini. old nya dapet. nyaman. anak2 suka kolam nya. kr a tidak langsung kena sina mataharilihat lebih sedikit,,,positif,,,,,,,staf nya baik semua.,,,,
3985,Tiket,Hotel Santika Bandung,2025-02-11,"kamarnya cozy, akses ke kota nya dekat sekali, pelayanannya excellent",positif,,positif,,positif,,,"kamarnya cozy, akses ke kota nya dekat sekali, pelayanannya excellent",,"kamarnya cozy, akses ke kota nya dekat sekali, pelayanannya excellent",,"kamarnya cozy, akses ke kota nya dekat sekali, pelayanannya excellent",,
4013,Tiket,Hotel Santika Bandung,2024-11-18,"tempat dekat rs dan riau juction. pelayanan ramah dan bersahabat. kebersihan baik hotel terjangkau, pilihan terbaik.",,positif,positif,positif,positif,,,,"kebersihan baik hotel terjangkau, pilihan terbaik.",pelayanan ramah dan bersahabat.,"kebersihan baik hotel terjangkau, pilihan terbaik.",tempat dekat rs dan riau juction.,,
4063,Tiket,Hotel Santika Bandung,2024-05-23,sinyal handphone baik. hidangan gurih yang nikmat.,,,,,,,,,,,,,,
4105,Tiket,Hotel Santika Bandung,2024-02-16,"hotel bersih, pelayanan ramah.",,positif,positif,,,,,,"hotel bersih, pelayanan ramah.","hotel bersih, pelayanan ramah.",,,,
4140,Tiket,Hotel Santika Bandung,2022-08-29,hotel nya bagus deket kemanah2 hotel nya bersih makanan nya enak,,positif,,,,,positif,,hotel nya bagus deket kemanah2 hotel nya bersih makanan nya enak,,,,,hotel nya bagus deket kemanah2 hotel nya bersih makanan nya enak
4297,Tiket,Hotel Santika Bandung,2025-01-13,"hotelnya nyaman kamarnya luas, bersih, lokasinya baik ada diantara mall jadi kalau mau beli makan dll gampang, sarapannya enak, pilihannya banyak. terima kasih santika bandung",positif,positif,,,positif,,positif,"hotelnya nyaman kamarnya luas, bersih, lokasinya baik ada diantara mall jadi kalau mau beli makan dll gampang, sarapannya enak, pilihannya banyak.","hotelnya nyaman kamarnya luas, bersih, lokasinya baik ada diantara mall jadi kalau mau beli makan dll gampang, sarapannya enak, pilihannya banyak.",,,"hotelnya nyaman kamarnya luas, bersih, lokasinya baik ada diantara mall jadi kalau mau beli makan dll gampang, sarapannya enak, pilihannya banyak.",,"hotelnya nyaman kamarnya luas, bersih, lokasinya baik ada diantara mall jadi kalau mau beli makan dll gampang, sarapannya enak, pilihannya banyak."
4330,Tiket,Hotel Santika Bandung,2024-01-22,"area yang nyaman. harga fantastis, pengalaman tak terlupakan. ada pilihan restoran di dalam hotel. staf yang luar biasa.",positif,,,negatif,,,,area yang nyaman.,,,"harga fantastis, pengalaman tak terlupakan.",,,
4470,Tiket,Hotel Santika Bandung,2024-03-16,tempat tidur anak nyaman. fasilitas up-to-date. suasana tropis di tepi kolam. resepsionis yang ramah dan sigap. menyediakan layanan shuttle ke pusat kota. menyediakan layanan shuttle ke pusat kota.,positif,,positif,,positif,,,tempat tidur anak nyaman.,,resepsionis yang ramah dan sigap.,,menyediakan layanan shuttle ke pusat kota.,,
4503,Tiket,Hotel Santika Bandung,2022-06-11,"lokasinya baik, namun hotel sudah terlalu usang, makanannya tidak enak",,,,,negatif,,negatif,,,,,"lokasinya baik, namun hotel sudah terlalu usang, makanannya tidak enak",,"lokasinya baik, namun hotel sudah terlalu usang, makanannya tidak enak"
4561,Tiket,Hotel Santika Megacity Bekasi,2026-01-13,"kamarnya bagus sangat bersih, segar, dan nyaman. taman yang terawat baik. ekonomis namun eksklusif.",positif,positif,,,,,,"kamarnya bagus sangat bersih, segar, dan nyaman.","kamarnya bagus sangat bersih, segar, dan nyaman.",,,,,
4631,Tiket,Hotel Santika Megacity Bekasi,2025-07-08,staf ramah anak. fasilitas mewah. staf yang ramah anak dan tulus.,,,positif,,,positif,,,,staf yang ramah anak dan tulus.,,,fasilitas mewah.,
4666,Tiket,Hotel Santika Megacity Bekasi,2025-04-09,parkir dengan pencahayaan yang bagus. kebersihan tidak tertandingi.,,netral,,,,positif,,,kebersihan tidak tertandingi.,,,,parkir dengan pencahayaan yang bagus.,
4788,Tiket,Hotel Santika Megacity Bekasi,2024-08-28,"tipe kamar family nya asik. ada ruang tamu. kamar mandi luar. sayangnya agak sempit. tapi fasilitas baik. kamar bersih, sprei kasur juga bersih. breakfastnya standart.",netral,netral,,,,positif,,"sayangnya agak sempit. ... kamar bersih, sprei kasur juga bersih.","kamar bersih, sprei kasur juga bersih.",,,,tapi fasilitas baik.,
4827,Tiket,Hotel Santika Megacity Bekasi,2024-07-14,ini mah sudah jelas bagus n ya,,,,,,,,,,,,,,
4849,Tiket,Hotel Santika Megacity Bekasi,2024-06-09,strategis dan di atas mall,,,,positif,positif,,,,,,strategis dan di atas mall,strategis dan di atas mall,,
4871,Tiket,Hotel Santika Megacity Bekasi,2024-05-06,lounge nyaman banget. pelayan yang responsif dan ahli di bidangnya.,positif,,,,,,,lounge nyaman banget.,,,,,,
5203,Tiket,Hotel Santika Megacity Bekasi,2019-10-28,"waktu cek in tidak bisa lebih maju 1 jam alasan kamar full itu aja yang disayangkan, so far bagus semua",netral,,,,,,,"waktu cek in tidak bisa lebih maju 1 jam alasan kamar full itu aja yang disayangkan, so far bagus semua",,,,,,
5295,Tiket,Hotel Santika Megacity Bekasi,2024-03-07,"penginapan budget. dulu hampir setipa bulan pasti sempetin staycation disini. tapi sedih karna menu pizzanya gaada, padahal itu beneran best seller banget menurut ku. kembalikan menu pizzanya yaa ehehe",,,,,,,,,,,,,,
5377,Tiket,Hotel Santika Megacity Bekasi,2021-04-20,"baik, nyaman, fasilitasnya lengkap",positif,,,,,positif,,"baik, nyaman, fasilitasnya lengkap",,,,,"baik, nyaman, fasilitasnya lengkap",
5439,Tiket,Hotel Santika Megacity Bekasi,2021-01-03,"sedikit masukan ajh untuk toilet kamar nya bau gituh, tapi untuk keseluruhan sudah baik banget. bersih dan layanannya juga bagus.",netral,netral,netral,,,,,"sedikit masukan ajh untuk toilet kamar nya bau gituh, tapi untuk keseluruhan sudah baik banget.","sedikit masukan ajh untuk toilet kamar nya bau gituh, tapi untuk keseluruhan sudah baik banget.",bersih dan layanannya juga bagus.,,,,
5461,Tiket,Hotel Santika Megacity Bekasi,2025-01-02,lumayan cuma dapat kamar yang tidak bisa lihat view luar. ketutup tembok,netral,,,,,,,lumayan cuma dapat kamar yang tidak bisa lihat view luar.,,,,,,
5466,Tiket,Hotel Santika Megacity Bekasi,2024-10-03,kebersihan di seluruh area hotel.,,positif,,,,,,,kebersihan di seluruh area hotel.,,,,,
5665,Tiket,Hotel Santika Bogor,2024-04-30,"jadi satu dengan mall dan masjid dekat, bagus",,,,,positif,,,,,,,"jadi satu dengan mall dan masjid dekat, bagus",,
5734,Tiket,Hotel Santika Bogor,2022-04-03,"suka bermalam di hotel santika bogor, tidak berisik. suasana hotel yang sangat menyenangkan dan pelayanan yang memuaskan dan petugas ramah"". jadi suka tidur di hotel ini. semua fasilitas baik banget deh. makanannyapun enak""lihat lebih sedikit",positif,,positif,,positif,positif,netral,"suasana hotel yang sangat menyenangkan dan pelayanan yang memuaskan dan petugas ramah"".",,"suasana hotel yang sangat menyenangkan dan pelayanan yang memuaskan dan petugas ramah"".",,"suka bermalam di hotel santika bogor, tidak berisik.",semua fasilitas baik banget deh.,"makanannyapun enak""lihat lebih sedikit"
5837,Tiket,Hotel Santika Cirebon,2025-11-19,menyajikan hidangan khas daerah. keamanan parkir terbaik. hemat biaya.,,,,,,positif,,,,,,,keamanan parkir terbaik.,
6078,Tiket,Hotel Santika Cirebon,2018-12-26,hotel yang pas buat keluarga kolam renang nya enak banget buat anak2. lokasinya pas tengah kota deket mall. recomended deh,,,,,,netral,netral,,,,,,hotel yang pas buat keluarga kolam renang nya enak banget buat anak2.,hotel yang pas buat keluarga kolam renang nya enak banget buat anak2.
6671,Traveloka,Hotel Santika Bandung,2019-03-02,"jika anda mau pesan kamar pastikan contoh gambar kamarnya. kalau anda hanya lihat di profil bisa kecewa, kecewa dan kecewa. tidak sesuai yang kita mau. setelah check-in baru tahu deh. dalamnya ternyata",,,,,,,,,,,,,,
6881,Traveloka,Hotel Santika Bandung,2017-11-18,"officernya ramah, makanannya selalu enak",,,positif,,,,positif,,,"officernya ramah, makanannya selalu enak",,,,"officernya ramah, makanannya selalu enak"
7140,Traveloka,Hotel Santika Bandung,2017-01-21,"lokasi strategis, menu breakfast cukup variasi, kamar nyaman and petugas ramah. sepadan dengan harganya. sayangnya wi-fi tidak berfungsi baik.",positif,,positif,positif,positif,negatif,positif,"lokasi strategis, menu breakfast cukup variasi, kamar nyaman and petugas ramah.",,"lokasi strategis, menu breakfast cukup variasi, kamar nyaman and petugas ramah.","lokasi strategis, menu breakfast cukup variasi, kamar nyaman and petugas ramah.","lokasi strategis, menu breakfast cukup variasi, kamar nyaman and petugas ramah.",sayangnya wi-fi tidak berfungsi baik.,"lokasi strategis, menu breakfast cukup variasi, kamar nyaman and petugas ramah."
7177,Traveloka,Hotel Santika Bandung,2016-12-24,"hotel bagus, pelayanan memuaskan, sarapan enak. anak2 puas berenang, dan mobil dicuci. sangat berkesan",,,positif,,,,positif,,,"hotel bagus, pelayanan memuaskan, sarapan enak.",,,,"hotel bagus, pelayanan memuaskan, sarapan enak."
7198,Traveloka,Hotel Santika Bandung,2016-10-22,lokasi strategis di tengah kota bandung,,,,positif,positif,,,,,,lokasi strategis di tengah kota bandung,lokasi strategis di tengah kota bandung,,
7321,Traveloka,Hotel Santika Bandung,2016-05-14,"kecuali makanannya, semua baik dan bagus",,,,,,,positif,,,,,,,"kecuali makanannya, semua baik dan bagus"
7415,Traveloka,Hotel Santika Bandung,2015-12-12,"secara keseluruhan, pengalaman menginap cukup baik. namun, hotel ini sudah tua dan perlu direnovasi. keunggulan hotel ini adalah lokasinya yang strategis, dengan supermarket dan restoran tepat di depannya.",negatif,,,positif,positif,,positif,"namun, hotel ini sudah tua dan perlu direnovasi.",,,"keunggulan hotel ini adalah lokasinya yang strategis, dengan supermarket dan restoran tepat di depannya.","keunggulan hotel ini adalah lokasinya yang strategis, dengan supermarket dan restoran tepat di depannya.",,"keunggulan hotel ini adalah lokasinya yang strategis, dengan supermarket dan restoran tepat di depannya."
7508,Traveloka,Hotel Santika Bandung,2015-07-18,ramah simpel dekat kemana mana,,,positif,,positif,,,,,ramah simpel dekat kemana mana,,ramah simpel dekat kemana mana,,
7690,Traveloka,Hotel Santika Bogor,2025-07-26,"sudah beberapa kali menginap di santika hotel bogor. sejauh ini kemudahan akses saat cek in dengan pelayanan staf yang ramah, serta koneksi ke mal untuk pemenuhan keperluan dan kebutuhan selama menginap. keramahan staf dan berkomunikasi dengan baik. semoga bisa terus dipertahankan dan ditingkatkan. terima kasih atas pelayanan yang baik ini.",,,netral,,netral,,netral,,,"sejauh ini kemudahan akses saat cek in dengan pelayanan staf yang ramah, serta koneksi ke mal untuk pemenuhan keperluan dan kebutuhan selama menginap. ... keram",,"sejauh ini kemudahan akses saat cek in dengan pelayanan staf yang ramah, serta koneksi ke mal untuk pemenuhan keperluan dan kebutuhan selama menginap.",,"sejauh ini kemudahan akses saat cek in dengan pelayanan staf yang ramah, serta koneksi ke mal untuk pemenuhan keperluan dan kebutuhan selama menginap."
7761,Traveloka,Hotel Santika Bogor,2025-01-04,"semua orang ramah. kamarnya juga luas. dekat ke mana-mana. sangat mudah untuk pergi ke mal. meskipun kami menunggu cukup lama untuk check in, mereka berusaha memberi kami satu kamar untuk beristirahat.",netral,,netral,,positif,,negatif,"kamarnya juga luas. ... meskipun kami menunggu cukup lama untuk check in, mereka berusaha memberi kami satu kamar untuk beristirahat.",,"semua orang ramah. ... meskipun kami menunggu cukup lama untuk check in, mereka berusaha memberi kami satu kamar untuk beristirahat.",,sangat mudah untuk pergi ke mal.,,"meskipun kami menunggu cukup lama untuk check in, mereka berusaha memberi kami satu kamar untuk beristirahat."
7792,Traveloka,Hotel Santika Bogor,2024-07-13,"di ruangan kamar, berasa banyak debu, ngeres, badan saya gatel-gatel setiap bangun tidur, tapi so far baik yang lain. tingkatkan ya!",netral,netral,,,,,netral,"di ruangan kamar, berasa banyak debu, ngeres, badan saya gatel-gatel setiap bangun tidur, tapi so far baik yang lain.","di ruangan kamar, berasa banyak debu, ngeres, badan saya gatel-gatel setiap bangun tidur, tapi so far baik yang lain.",,,,,"di ruangan kamar, berasa banyak debu, ngeres, badan saya gatel-gatel setiap bangun tidur, tapi so far baik yang lain."
7874,Traveloka,Hotel Santika Bogor,2023-07-22,"semuanya ramah dan sangat membantu. buat yang akan menginap ke sini langsung aja masuk parkiran botani (depan convention hall). free parkir dengan stempel hotel. lokasi strategis, ke mall bisa punya akses langsung lewat lantai basement. bagi orang jakarta yang ingin pulang, bisa langsung akses toll jagorawi saat keluar parkir. makanan lumayan variatif, tersedia kolam renang buat anak. pagi-pagi bisa olahraga keliling kebun raya bogor.",,,positif,positif,positif,positif,positif,,,semuanya ramah dan sangat membantu.,"lokasi strategis, ke mall bisa punya akses langsung lewat lantai basement.","lokasi strategis, ke mall bisa punya akses langsung lewat lantai basement.","makanan lumayan variatif, tersedia kolam renang buat anak.","makanan lumayan variatif, tersedia kolam renang buat anak."
7970,Traveloka,Hotel Santika Bogor,2022-10-15,"alhamdulillah staffnya ramah, kalau ada kesempatan staycation lagi saya akan kesini lagi. makanan enak sangat bervariasi.",,,positif,,,,positif,,,"alhamdulillah staffnya ramah, kalau ada kesempatan staycation lagi saya akan kesini lagi.",,,,makanan enak sangat bervariasi.
8006,Traveloka,Hotel Santika Bogor,2022-06-04,secara keseluruhan seperti biasa memenuhi ekspektasi. mungkin sedikit masukan untuk tayangan televisinya di review kembali karena pas di kamar saya kok tampilannya tidak jernih dan sepertinya tidak ada televisi kabel.,negatif,,,,,negatif,,mungkin sedikit masukan untuk tayangan televisinya di review kembali karena pas di kamar saya kok tampilannya tidak jernih dan sepertinya tidak ada televisi kab,,,,,mungkin sedikit masukan untuk tayangan televisinya di review kembali karena pas di kamar saya kok tampilannya tidak jernih dan sepertinya tidak ada televisi kab,
8019,Traveloka,Hotel Santika Bogor,2022-05-14,"pelayanannya sangat baik, lokasi nyambung sama mall botani square, sarapan enak dan banyak macam nya dan kebersihannya terjamin.",positif,positif,positif,,positif,positif,positif,"pelayanannya sangat baik, lokasi nyambung sama mall botani square, sarapan enak dan banyak macam nya dan kebersihannya terjamin.","pelayanannya sangat baik, lokasi nyambung sama mall botani square, sarapan enak dan banyak macam nya dan kebersihannya terjamin.","pelayanannya sangat baik, lokasi nyambung sama mall botani square, sarapan enak dan banyak macam nya dan kebersihannya terjamin.",,"pelayanannya sangat baik, lokasi nyambung sama mall botani square, sarapan enak dan banyak macam nya dan kebersihannya terjamin.","pelayanannya sangat baik, lokasi nyambung sama mall botani square, sarapan enak dan banyak macam nya dan kebersihannya terjamin.","pelayanannya sangat baik, lokasi nyambung sama mall botani square, sarapan enak dan banyak macam nya dan kebersihannya terjamin."
8029,Traveloka,Hotel Santika Bogor,2022-03-26,hotel yang lengkap dengan fasilitas dekat dengan mall jadi tidak perlu kemana-mana lagi untuk cari makan n hiburan untuk anak.,,,,,netral,netral,netral,,,,,hotel yang lengkap dengan fasilitas dekat dengan mall jadi tidak perlu kemana-mana lagi untuk cari makan n hiburan untuk anak.,hotel yang lengkap dengan fasilitas dekat dengan mall jadi tidak perlu kemana-mana lagi untuk cari makan n hiburan untuk anak.,hotel yang lengkap dengan fasilitas dekat dengan mall jadi tidak perlu kemana-mana lagi untuk cari makan n hiburan untuk anak.
8210,Traveloka,Hotel Santika Bogor,2020-10-17,"check-in sangat cepat, untuk roomnya sendiri kamarnya cukup luas tapi sayang sekali sprei dan sarung bantalnya banyak bercak-bercak entah bekas kopi atau bekas nyaman darah. untuk kamar mandi lampunya kurang terang agak remang-remang gitu dan agak berbau.",netral,netral,netral,,,,netral,"check-in sangat cepat, untuk roomnya sendiri kamarnya cukup luas tapi sayang sekali sprei dan sarung bantalnya banyak bercak-bercak entah bekas kopi atau bekas ","check-in sangat cepat, untuk roomnya sendiri kamarnya cukup luas tapi sayang sekali sprei dan sarung bantalnya banyak bercak-bercak entah bekas kopi atau bekas ","check-in sangat cepat, untuk roomnya sendiri kamarnya cukup luas tapi sayang sekali sprei dan sarung bantalnya banyak bercak-bercak entah bekas kopi atau bekas ",,,,"check-in sangat cepat, untuk roomnya sendiri kamarnya cukup luas tapi sayang sekali sprei dan sarung bantalnya banyak bercak-bercak entah bekas kopi atau bekas "
8240,Traveloka,Hotel Santika Bogor,2020-08-08,sarapan yang lebih baik diantarkan ke kamar,positif,,,,,,positif,sarapan yang lebih baik diantarkan ke kamar,,,,,,sarapan yang lebih baik diantarkan ke kamar
8255,Traveloka,Hotel Santika Bogor,2020-04-04,"hotelnya bersih, dekat dengan mal, jadi mau makan dan belanja gampang, pelayanannya ramah dan membantu, breakfast enak dan bervariasi, ada jamu juga, best pokoknya.",,positif,positif,,positif,,positif,,"hotelnya bersih, dekat dengan mal, jadi mau makan dan belanja gampang, pelayanannya ramah dan membantu, breakfast enak dan bervariasi, ada jamu juga, best pokok","hotelnya bersih, dekat dengan mal, jadi mau makan dan belanja gampang, pelayanannya ramah dan membantu, breakfast enak dan bervariasi, ada jamu juga, best pokok",,"hotelnya bersih, dekat dengan mal, jadi mau makan dan belanja gampang, pelayanannya ramah dan membantu, breakfast enak dan bervariasi, ada jamu juga, best pokok",,"hotelnya bersih, dekat dengan mal, jadi mau makan dan belanja gampang, pelayanannya ramah dan membantu, breakfast enak dan bervariasi, ada jamu juga, best pokok"
8292,Traveloka,Hotel Santika Bogor,2020-01-18,sangat meyenangkan dekat mall botani di pusat kota bogor dekat damri ke bandara dekat terminal baranag siang pokoknya sangat strategis lokasinya.,,,,positif,positif,,,,,,sangat meyenangkan dekat mall botani di pusat kota bogor dekat damri ke bandara dekat terminal baranag siang pokoknya sangat strategis lokasinya.,sangat meyenangkan dekat mall botani di pusat kota bogor dekat damri ke bandara dekat terminal baranag siang pokoknya sangat strategis lokasinya.,,
8331,Traveloka,Hotel Santika Bogor,2019-10-19,"ramah, dekat kemana saja, sarapannya pun enak-enak.",,,positif,,positif,,positif,,,"ramah, dekat kemana saja, sarapannya pun enak-enak.",,"ramah, dekat kemana saja, sarapannya pun enak-enak.",,"ramah, dekat kemana saja, sarapannya pun enak-enak."
8998,Traveloka,Hotel Santika Bogor,2016-03-05,tempat yang bagus dan pelayanan yang baik,,,positif,,,,,,,tempat yang bagus dan pelayanan yang baik,,,,
9016,Traveloka,Hotel Santika Bogor,2016-01-30,"tempat bersih dan nyaman, view bagus dan berada di pusat kota",positif,positif,,,positif,,,"tempat bersih dan nyaman, view bagus dan berada di pusat kota","tempat bersih dan nyaman, view bagus dan berada di pusat kota",,,"tempat bersih dan nyaman, view bagus dan berada di pusat kota",,
9122,Traveloka,Hotel Santika Bogor,2015-07-04,suasana dan pelayanan yang baik,positif,,positif,,,,,suasana dan pelayanan yang baik,,suasana dan pelayanan yang baik,,,,
9265,Traveloka,Hotel Santika Cirebon,2025-02-22,selalu nginap di sini karena kolam renang dan akses nya,,,,,,,,,,,,,,
9280,Traveloka,Hotel Santika Cirebon,2024-10-19,satu-satunya masalah adalah nyamuk. tapi selain itu baik,,negatif,,,,,,,satu-satunya masalah adalah nyamuk.,,,,,
9361,Traveloka,Hotel Santika Cirebon,2023-01-14,"santika adalah hotel tua tetapi masih dikelola dengan baik. bersih, hangat, nyaman dan semua staf sangat membantu. kamar besar dan nyaman, makanan enak, parkir luas, ada kolam renang dan anak-anak saya senang bermain di kolam renang. akan memilih lagi ketika kita pergi ke cirebon lagi.",netral,positif,positif,,,positif,positif,"santika adalah hotel tua tetapi masih dikelola dengan baik. ... bersih, hangat, nyaman dan semua staf sangat membantu. ... kamar besar dan nyaman, makanan enak,","bersih, hangat, nyaman dan semua staf sangat membantu.","bersih, hangat, nyaman dan semua staf sangat membantu.",,,"kamar besar dan nyaman, makanan enak, parkir luas, ada kolam renang dan anak-anak saya senang bermain di kolam renang.","kamar besar dan nyaman, makanan enak, parkir luas, ada kolam renang dan anak-anak saya senang bermain di kolam renang."
9407,Traveloka,Hotel Santika Cirebon,2022-02-12,breakfast nya dilayani tapi pelayannya kurang sigap. juga kurang komplit.,,,netral,,,,netral,,,breakfast nya dilayani tapi pelayannya kurang sigap.,,,,breakfast nya dilayani tapi pelayannya kurang sigap.
9431,Traveloka,Hotel Santika Cirebon,2021-11-20,"ini pertama kalinya nginep di sini, proses check in cepat, kamar bagus bersih, air conditioner dingin, televisi banyak channel dan lengkap isinya. sarapan enak-enak dan menjaga prokes. kolam renang menyenangkan buat anak-anak dan berair hangat. fasilitas hotel bagus, parkiran luas dan setiap pagi mobil kita dicuci bersih. minusnya cuma 1: wi-fi di dalam kamar buruk (414), tapi kalau ke depan lorong bagus signalnya. kapan-kapan mau kesini lagi, tentunya kalau dapat harga promo.",netral,positif,positif,negatif,,netral,netral,"ini pertama kalinya nginep di sini, proses check in cepat, kamar bagus bersih, air conditioner dingin, televisi banyak channel dan lengkap isinya. ... fasilitas","ini pertama kalinya nginep di sini, proses check in cepat, kamar bagus bersih, air conditioner dingin, televisi banyak channel dan lengkap isinya.","ini pertama kalinya nginep di sini, proses check in cepat, kamar bagus bersih, air conditioner dingin, televisi banyak channel dan lengkap isinya.","kapan-kapan mau kesini lagi, tentunya kalau dapat harga promo.",,"fasilitas hotel bagus, parkiran luas dan setiap pagi mobil kita dicuci bersih. ... minusnya cuma 1: wi-fi di dalam kamar buruk (414), tapi kalau ke depan lorong",sarapan enak-enak dan menjaga prokes.
9546,Traveloka,Hotel Santika Cirebon,2020-01-18,"pertama kali ke sini tahun 2009. lalu saat natal 2019 kemarin kamai pun kembali menginap di sini. interiornya tidak berubah, masih sama seperti 10 tahun lalu, kamar rapi dan bersih, yang agak susah kuncinya, karena kuncinya masih semi-manual, tidak seperti kunci zaman sekarang yang tinggal tap kartu saja. pelayanannya juga masih baik. dan karena datangnya saat liburan natal, kami dapat compliment berupa cookies ginger bread man, definitely will come here again.",,positif,netral,,,,,,kamar rapi dan bersih,pelayanannya juga masih baik.,,,,
9705,Traveloka,Hotel Santika Cirebon,2018-06-16,"kamar bersih, nyaman, pelayanan ramah, hanya 1 yang kurang tidak ada televisi cable kartun untuk anak-anak",negatif,negatif,negatif,,,negatif,,"kamar bersih, nyaman, pelayanan ramah, hanya 1 yang kurang tidak ada televisi cable kartun untuk anak-anak","kamar bersih, nyaman, pelayanan ramah, hanya 1 yang kurang tidak ada televisi cable kartun untuk anak-anak","kamar bersih, nyaman, pelayanan ramah, hanya 1 yang kurang tidak ada televisi cable kartun untuk anak-anak",,,"kamar bersih, nyaman, pelayanan ramah, hanya 1 yang kurang tidak ada televisi cable kartun untuk anak-anak",
9712,Traveloka,Hotel Santika Cirebon,2018-05-19,"hotelnya walaupun lama tapi sangat terawat, mulai dari pintu masuk, securitynya ramah sekali sampai lobby, welcome drink langsung tersedia. semua pegawainya ramah dan membantu, kamarnya bersih, cukup tenang, enak banget buat istirahat, kolam renangnya juga bersih, aman buat anak-anak, kaporitnya juga tidak terlalu menyengat. makanannya enak, apalagi paket barbeque malamnya bagus banget, harganya juga terjangkau. satu lagi, pas mau check-out masukin barang ke mobil, ternyata mobil sudah dicuciin. overall, bagus banget nih hotel. terima kasih management hotel santika, terimakasih traveloka.",positif,netral,netral,netral,netral,netral,netral,cukup tenang,kamarnya bersih ... kolam renangnya juga bersih,"hotelnya walaupun lama tapi sangat terawat, mulai dari pintu masuk, securitynya ramah sekali sampai lobby, welcome drink langsung tersedia. ... semua pegawainya","makanannya enak, apalagi paket barbeque malamnya bagus banget, harganya juga terjangkau.","makanannya enak, apalagi paket barbeque malamnya bagus banget, harganya juga terjangkau.","hotelnya walaupun lama tapi sangat terawat, mulai dari pintu masuk, securitynya ramah sekali sampai lobby, welcome drink langsung tersedia.","hotelnya walaupun lama tapi sangat terawat, mulai dari pintu masuk, securitynya ramah sekali sampai lobby, welcome drink langsung tersedia. ... enak banget buat"
9856,Traveloka,Hotel Santika Cirebon,2017-07-15,"pelayanan khas santika, namun kondisi hotel yang sudah tua sehingga banyak hal yang kurang optimal. dan perlu diperbaharui.",negatif,,negatif,,negatif,,,"pelayanan khas santika, namun kondisi hotel yang sudah tua sehingga banyak hal yang kurang optimal.",,"pelayanan khas santika, namun kondisi hotel yang sudah tua sehingga banyak hal yang kurang optimal.",,"pelayanan khas santika, namun kondisi hotel yang sudah tua sehingga banyak hal yang kurang optimal.",,
9892,Traveloka,Hotel Santika Cirebon,2017-06-03,"sangat memuaskan pelayanannya, kebersihan, kenyamanan dan makannya.",positif,positif,positif,,,,positif,"sangat memuaskan pelayanannya, kebersihan, kenyamanan dan makannya.","sangat memuaskan pelayanannya, kebersihan, kenyamanan dan makannya.","sangat memuaskan pelayanannya, kebersihan, kenyamanan dan makannya.",,,,"sangat memuaskan pelayanannya, kebersihan, kenyamanan dan makannya."
9968,Traveloka,Hotel Santika Cirebon,2017-03-04,"saya pesan 2 kamar yang executive dan suite, yang kamar executive sempat masuk air dari jendela karena hujan tapi cepat diatasi setelah kami telepon room service, kamarnya yang suite bagus dan luas, cuma closet dan bathtubnya sudah lama tidak diganti warnanya kusam, hairdryernya juga copot pas mau digunakan, wifinya kenceng, sarapannya variatif, kolam renangnya luas, tapi sayang petugas penjaga kolam renangnya seperti kurang bersahabat, overall bagus.",positif,,positif,,,netral,positif,kamarnya yang suite bagus dan luas,,cepat diatasi setelah kami telepon room service,,,hairdryernya juga copot pas mau digunakan ... kolam renangnya luas ... petugas penjaga kolam renangnya seperti kurang bersahabat,sarapannya variatif
10053,Traveloka,Hotel Santika Cirebon,2016-08-13,cukup baik dan tidak mengecewakan,,,,,,,,,,,,,,
10163,Traveloka,Hotel Santika Cirebon,2015-12-05,sangat bagus dengan harga yang wajar. dengan dekorasi etnik dan unik.,,,,netral,,,,,,,sangat bagus dengan harga yang wajar.,,,
10309,Traveloka,Hotel Santika Depok,2025-12-06,"secara keseluruhan baik, hanya tidak ada wi-fi (tergantung ketersediaan kamar), televisi masih lcd jadul bukan internet televisi (tergantung ketersediaan kamar), sama tidak ada hairdryer kebersihan baik, keramahan staf baik, sarapan enak dan sangat variatif",negatif,negatif,positif,,,netral,positif,hanya tidak ada wi-fi (tergantung ketersediaan kamar),sama tidak ada hairdryer kebersihan baik,keramahan staf baik,,,hanya tidak ada wi-fi (tergantung ketersediaan kamar) ... televisi masih lcd jadul bukan internet televisi (tergantung ketersediaan kamar) ... sama tidak ada ha,sarapan enak dan sangat variatif
10375,Traveloka,Hotel Santika Depok,2025-02-15,hotel terfavorit kalau lagi dinas ke depok,,,,,,,,,,,,,,
10669,Traveloka,Hotel Santika Depok,2020-10-24,"kamar agak terlalu kecil dari foto. tapi, bersenang-senang tinggal!",negatif,,,,,,,kamar agak terlalu kecil dari foto.,,,,,,
10837,Traveloka,Hotel Santika Depok,2019-04-13,"senang sekali menginap di hotel santika depok, pelayanan sangat ramah, kamar sangat nyaman, rapi dan bersih, dan breakfast menunya sangat enak dan memuaskan.",positif,positif,positif,,,,positif,"senang sekali menginap di hotel santika depok, pelayanan sangat ramah, kamar sangat nyaman, rapi dan bersih, dan breakfast menunya sangat enak dan memuaskan.","senang sekali menginap di hotel santika depok, pelayanan sangat ramah, kamar sangat nyaman, rapi dan bersih, dan breakfast menunya sangat enak dan memuaskan.","senang sekali menginap di hotel santika depok, pelayanan sangat ramah, kamar sangat nyaman, rapi dan bersih, dan breakfast menunya sangat enak dan memuaskan.",,,,"senang sekali menginap di hotel santika depok, pelayanan sangat ramah, kamar sangat nyaman, rapi dan bersih, dan breakfast menunya sangat enak dan memuaskan."
11045,Traveloka,Hotel Santika Depok,2018-08-25,overall sangat puas dengan pelayanan.,,,positif,,,,,,,overall sangat puas dengan pelayanan.,,,,
11093,Traveloka,Hotel Santika Depok,2018-06-30,layanan hebat dan sarapan enak.,,,positif,,,,positif,,,layanan hebat dan sarapan enak.,,,,layanan hebat dan sarapan enak.
11096,Traveloka,Hotel Santika Depok,2018-06-23,"kamarnya bersih, nyaman, dan makanannya enak.",positif,positif,,,,,positif,"kamarnya bersih, nyaman, dan makanannya enak.","kamarnya bersih, nyaman, dan makanannya enak.",,,,,"kamarnya bersih, nyaman, dan makanannya enak."
11125,Traveloka,Hotel Santika Depok,2018-04-21,kenyamanan saat istirahat/tidur kurang karena terdengar suara yang berisik seperti suara mesin/pompa air) mungkin karena dapat kamar dekat area pompa/mesin.,netral,,,,netral,,,kenyamanan saat istirahat/tidur kurang karena terdengar suara yang berisik seperti suara mesin/pompa air) mungkin karena dapat kamar dekat area pompa/mesin.,,,,kenyamanan saat istirahat/tidur kurang karena terdengar suara yang berisik seperti suara mesin/pompa air) mungkin karena dapat kamar dekat area pompa/mesin.,,
11201,Traveloka,Hotel Santika Depok,2017-12-23,kamarnya kecil type deluxe breakfast baik menunya kamar mandi agak bau selebihnya baik.,netral,netral,,,,,netral,kamarnya kecil type deluxe breakfast baik menunya kamar mandi agak bau selebihnya baik.,kamarnya kecil type deluxe breakfast baik menunya kamar mandi agak bau selebihnya baik.,,,,,kamarnya kecil type deluxe breakfast baik menunya kamar mandi agak bau selebihnya baik.
11227,Traveloka,Hotel Santika Depok,2017-11-25,"kalau booked via online booking harus isi special request. saya hampir dikasih smoking room, untungnya tidak jadi.",,,,,,,,,,,,,,
11335,Traveloka,Hotel Santika Depok,2017-07-15,"bagus, sipp, bagus, tingkatkan terus",,,,,,,,,,,,,,
11482,Traveloka,Hotel Santika Depok,2017-01-28,"besar dan bersih, membuat saya merasa seperti di kamar saya sendiri",,positif,,,,,positif,,"besar dan bersih, membuat saya merasa seperti di kamar saya sendiri",,,,,"besar dan bersih, membuat saya merasa seperti di kamar saya sendiri"
11596,Traveloka,Hotel Santika Depok,2016-08-27,sudah baik tapi belum terlalu sesuai dengan tarif,,,,positif,,,,,,,sudah baik tapi belum terlalu sesuai dengan tarif,,,
11710,Traveloka,Hotel Santika Depok,2016-05-07,"kebersihan baik, kamarnya small, perlengkapan body masih kurang, cukur, bodylotion tidak ada, akses internet tidak normal, dengan tarif kamar yang ada harusnya sudah lengkap.",,negatif,,negatif,negatif,negatif,,,"kebersihan baik, kamarnya small, perlengkapan body masih kurang, cukur, bodylotion tidak ada, akses internet tidak normal, dengan tarif kamar yang ada harusnya ",,"kebersihan baik, kamarnya small, perlengkapan body masih kurang, cukur, bodylotion tidak ada, akses internet tidak normal, dengan tarif kamar yang ada harusnya ","kebersihan baik, kamarnya small, perlengkapan body masih kurang, cukur, bodylotion tidak ada, akses internet tidak normal, dengan tarif kamar yang ada harusnya ","kebersihan baik, kamarnya small, perlengkapan body masih kurang, cukur, bodylotion tidak ada, akses internet tidak normal, dengan tarif kamar yang ada harusnya ",
11954,Traveloka,Hotel Santika Depok,2015-10-24,pelayanan yang bagus dan lokasi yang bagus,,,positif,,positif,,,,,pelayanan yang bagus dan lokasi yang bagus,,pelayanan yang bagus dan lokasi yang bagus,,
12009,Traveloka,Hotel Santika Depok,2015-08-22,banyak semut berjalan di teko listriknya. mungkin ada sisa gula atau minuman manis.,,negatif,,,,,,,banyak semut berjalan di teko listriknya.,,,,,
12010,Traveloka,Hotel Santika Depok,2015-08-15,walau semalam. ok semua. sedikit terganggu dengan adanya semut kecil keluar dari besek makan.,,negatif,,,,,negatif,,sedikit terganggu dengan adanya semut kecil keluar dari besek makan.,,,,,sedikit terganggu dengan adanya semut kecil keluar dari besek makan.
12138,Traveloka,Hotel Santika Depok,2015-03-07,"bagus service, banget lah pokoknya, pelayanan memuaskan, roomnya juga",,,positif,,,,,,,"bagus service, banget lah pokoknya, pelayanan memuaskan, roomnya juga",,,,
12148,Traveloka,Hotel Santika Depok,2015-01-31,"kamarnya kecil, check-in baru bisa jam 2 siang jadi harus nunggu lama. tapi pelayanannya bagus, stafnya sangat ramah. bahkan barang saya yang sudah tertinggal lebih dari 1 minggu masih dapat diambil dan tidak hilang. tetapi harus call dulu untuk dicarikan. breakfastnya enak, beragam, dan jam 6 pagi sudah ready.",negatif,,netral,,,,positif,"kamarnya kecil, check-in baru bisa jam 2 siang jadi harus nunggu lama.",,"kamarnya kecil, check-in baru bisa jam 2 siang jadi harus nunggu lama. ... tapi pelayanannya bagus, stafnya sangat ramah.",,,,"breakfastnya enak, beragam, dan jam 6 pagi sudah ready."
12197,Traveloka,Hotel Santika Megacity Bekasi,2025-12-06,"security hotel sangat baik dan ramah, petugas hotel juga sangat baik dan ramah, ada 1 sih yang agak jutek. tp untung yang lain baik2. makanan2nya enak, ada kids corner tapi lebih baik lagi jika diberi pagar sedikit. terima kasih santika",,,netral,,,,netral,,,"security hotel sangat baik dan ramah, petugas hotel juga sangat baik dan ramah, ada 1 sih yang agak jutek.",,,,"makanan2nya enak, ada kids corner tapi lebih baik lagi jika diberi pagar sedikit."
12361,Traveloka,Hotel Santika Megacity Bekasi,2023-03-25,"lokasi bagus, tapi pintu kamar mandi di room saya rusak.",netral,,,,netral,,,"lokasi bagus, tapi pintu kamar mandi di room saya rusak.",,,,"lokasi bagus, tapi pintu kamar mandi di room saya rusak.",,
12401,Traveloka,Hotel Santika Megacity Bekasi,2022-07-30,"sudah jam check in, tapi room nya belum ready. perlengkapan di kamar mandi, sudah tidak layak.",netral,,,,,,,"perlengkapan di kamar mandi, sudah tidak layak.",,,,,,
12405,Traveloka,Hotel Santika Megacity Bekasi,2022-07-23,tempatnya baik. sepi tidak berisik dengan suasana jalanan + langsung terkoneksi dengan pusat perbelanjaan. kolam renang baik buat anak-anak. varian sarapan juga banyak enak.,positif,,,,,positif,netral,sepi tidak berisik dengan suasana jalanan + langsung terkoneksi dengan pusat perbelanjaan.,,,,,kolam renang baik buat anak-anak.,varian sarapan juga banyak enak.
12484,Traveloka,Hotel Santika Megacity Bekasi,2021-06-26,"kamar bersih, receptionist ramah, tapi kalau mau gofood agak susah karena hotelnya di atas mall, menu breakfast kurang banyak.",,netral,netral,,netral,,netral,,"kamar bersih, receptionist ramah, tapi kalau mau gofood agak susah karena hotelnya di atas mall, menu breakfast kurang banyak.","kamar bersih, receptionist ramah, tapi kalau mau gofood agak susah karena hotelnya di atas mall, menu breakfast kurang banyak.",,"kamar bersih, receptionist ramah, tapi kalau mau gofood agak susah karena hotelnya di atas mall, menu breakfast kurang banyak.",,"kamar bersih, receptionist ramah, tapi kalau mau gofood agak susah karena hotelnya di atas mall, menu breakfast kurang banyak."
12551,Traveloka,Hotel Santika Megacity Bekasi,2020-12-05,"akses yang sulit, mereka harus memastikan, customer tidak mendapatkan akses yang sulit untuk datang",,,,,negatif,,,,,,,"akses yang sulit, mereka harus memastikan, customer tidak mendapatkan akses yang sulit untuk datang",,
12581,Traveloka,Hotel Santika Megacity Bekasi,2020-07-18,"saya suka sarapannya, enak!",,,,,,,positif,,,,,,,"saya suka sarapannya, enak!"
12665,Traveloka,Hotel Santika Megacity Bekasi,2019-12-14,"air panas di kamar mandi tidak berfungsi, sudah dibayar dan memesan untuk perpanjangan check out tetapi masih mengetuk oleh layanan kamar karena kurangnya koordinasi dengan staf kantor depan. jika tidak, makanannya enak, ada begitu banyak pilihan menu dari sarapan. bukan layanan khas santika tapi mungkin bisa lebih baik di masa depan.",negatif,,netral,negatif,,,netral,sudah dibayar dan memesan untuk perpanjangan check out tetapi masih mengetuk oleh layanan kamar karena kurangnya koordinasi dengan staf kantor depan.,,sudah dibayar dan memesan untuk perpanjangan check out tetapi masih mengetuk oleh layanan kamar karena kurangnya koordinasi dengan staf kantor depan. ... bukan ,sudah dibayar dan memesan untuk perpanjangan check out tetapi masih mengetuk oleh layanan kamar karena kurangnya koordinasi dengan staf kantor depan.,,,"jika tidak, makanannya enak, ada begitu banyak pilihan menu dari sarapan."
12672,Traveloka,Hotel Santika Megacity Bekasi,2019-12-07,"petugas resepsionis tidak memberikan informasi detail kepada pelanggan, dia tidak tersenyum dan makanannya tidak enak",,,negatif,,,,negatif,,,"petugas resepsionis tidak memberikan informasi detail kepada pelanggan, dia tidak tersenyum dan makanannya tidak enak",,,,"petugas resepsionis tidak memberikan informasi detail kepada pelanggan, dia tidak tersenyum dan makanannya tidak enak"
12801,Traveloka,Hotel Santika Megacity Bekasi,2019-06-15,bagus makanan sedap tempat strategis.,,,,positif,positif,,positif,,,,bagus makanan sedap tempat strategis.,bagus makanan sedap tempat strategis.,,bagus makanan sedap tempat strategis.
13294,Traveloka,Hotel Santika Megacity Bekasi,2018-05-19,"waktu kita check-out. resepsionis lama responnya dan judes. padahal hanya ada 1 pengunjung yang di layani saat itu, dan tidak ramah dan senyum sama sekali, namanya laurnya enak",,,negatif,,,,negatif,,,"padahal hanya ada 1 pengunjung yang di layani saat itu, dan tidak ramah dan senyum sama sekali, namanya laurnya enak",,,,"padahal hanya ada 1 pengunjung yang di layani saat itu, dan tidak ramah dan senyum sama sekali, namanya laurnya enak"
13406,Traveloka,Hotel Santika Megacity Bekasi,2018-01-13,"mulai dari pelayanan, tempat, dan makanan semua enak nyaman.",positif,,positif,,,,positif,"mulai dari pelayanan, tempat, dan makanan semua enak nyaman.",,"mulai dari pelayanan, tempat, dan makanan semua enak nyaman.",,,,"mulai dari pelayanan, tempat, dan makanan semua enak nyaman."
13741,Traveloka,Hotel Santika Megacity Bekasi,2017-04-29,akses menuju hotel dari mall kalau malam sedikit membingungkan. selebihnya baik,,,,,,,negatif,,,,,,,akses menuju hotel dari mall kalau malam sedikit membingungkan.
13863,Traveloka,Hotel Santika Megacity Bekasi,2017-02-04,"sangat memuaskan, lift dari mall ke hotel rada lama.",,,,,netral,netral,,,,,,"sangat memuaskan, lift dari mall ke hotel rada lama.","sangat memuaskan, lift dari mall ke hotel rada lama.",
13873,Traveloka,Hotel Santika Megacity Bekasi,2017-01-28,ada guest relation yang datang ke kamar untuk nawarin koran. tapi caranya yang main ketuk pintu terus langsung buka pintu itu tidak sopan banget ya.,,,netral,,,,,,,tapi caranya yang main ketuk pintu terus langsung buka pintu itu tidak sopan banget ya.,,,,
13886,Traveloka,Hotel Santika Megacity Bekasi,2017-01-07,"lantainya berdebu, bedding setnya pemilihannya bahannya yang kasar. ketika order room service, pesanannya lama sekali datangnya. kemudian kembali order room service di jam 11 pm, line room service tidak diangkat, operator juga tidak di angkat (room service 24 hr)",,negatif,negatif,,,,,,"lantainya berdebu, bedding setnya pemilihannya bahannya yang kasar.","kemudian kembali order room service di jam 11 pm, line room service tidak diangkat, operator juga tidak di angkat (room service 24 hr)",,,,
13894,Traveloka,Hotel Santika Megacity Bekasi,2016-12-31,"kamar bau, tidak wangi. kamar mandi kuranh bersih. makanan sih enak ko",netral,netral,,,,,positif,"kamar bau, tidak wangi.","kamar bau, tidak wangi. ... kamar mandi kuranh bersih.",,,,,makanan sih enak ko
13918,Traveloka,Hotel Santika Megacity Bekasi,2016-12-03,"enak dan nyaman, lokasinya strategis",positif,,,positif,positif,,positif,"enak dan nyaman, lokasinya strategis",,,"enak dan nyaman, lokasinya strategis","enak dan nyaman, lokasinya strategis",,"enak dan nyaman, lokasinya strategis"
14137,Traveloka,Hotel Santika Tasikmalaya,2023-02-18,"kami selalu menginap di hotel ini setiap kali kami bepergian ke tasikmalaya, baik untuk perjalanan keluarga maupun bisnis. stafnya ramah, makanannya enak, dan mereka menyajikan menu tradisional yang tidak akan anda temukan di tempat lain. kamar bersih dan bernilai uang. kolam renang yang bagus, meskipun saya tidak pernah memiliki kesempatan untuk mencoba gym. hotel ini terletak di sekitar restoran dan makanan jalanan, membuat hidup saya lebih mudah.",,positif,netral,,netral,netral,netral,,kamar bersih dan bernilai uang.,"stafnya ramah, makanannya enak, dan mereka menyajikan menu tradisional yang tidak akan anda temukan di tempat lain.",,"kami selalu menginap di hotel ini setiap kali kami bepergian ke tasikmalaya, baik untuk perjalanan keluarga maupun bisnis. ... hotel ini terletak di sekitar res","kolam renang yang bagus, meskipun saya tidak pernah memiliki kesempatan untuk mencoba gym.","stafnya ramah, makanannya enak, dan mereka menyajikan menu tradisional yang tidak akan anda temukan di tempat lain. ... hotel ini terletak di sekitar restoran d"
14511,Traveloka,Hotel Santika Tasikmalaya,2018-09-22,"menu sarapan komplet, kamar mandi perlu retouch sedikit dan handuk prefer lebih tebal lagi. saya request smoking room, tapi tidak ada asbak. apa harus request ya?",negatif,negatif,,,,negatif,negatif,"menu sarapan komplet, kamar mandi perlu retouch sedikit dan handuk prefer lebih tebal lagi.","menu sarapan komplet, kamar mandi perlu retouch sedikit dan handuk prefer lebih tebal lagi.",,,,"menu sarapan komplet, kamar mandi perlu retouch sedikit dan handuk prefer lebih tebal lagi.","menu sarapan komplet, kamar mandi perlu retouch sedikit dan handuk prefer lebih tebal lagi."
14573,Traveloka,Hotel Santika Tasikmalaya,2018-06-02,"lokasi hotel strategis, dekat dengan kuliner dan tempat bordir khas tasik",,,,positif,positif,,,,,,"lokasi hotel strategis, dekat dengan kuliner dan tempat bordir khas tasik","lokasi hotel strategis, dekat dengan kuliner dan tempat bordir khas tasik",,
14806,Traveloka,Hotel Santika Tasikmalaya,2017-02-25,"pelayanan ramah, hotel yang bersih, sarapan yang variatif dan tempat yang strategis di tengah kota. pokoknya recommended hotel deh.",,positif,positif,positif,positif,,positif,,"pelayanan ramah, hotel yang bersih, sarapan yang variatif dan tempat yang strategis di tengah kota.","pelayanan ramah, hotel yang bersih, sarapan yang variatif dan tempat yang strategis di tengah kota.","pelayanan ramah, hotel yang bersih, sarapan yang variatif dan tempat yang strategis di tengah kota.","pelayanan ramah, hotel yang bersih, sarapan yang variatif dan tempat yang strategis di tengah kota.",,"pelayanan ramah, hotel yang bersih, sarapan yang variatif dan tempat yang strategis di tengah kota."
14845,Traveloka,Hotel Santika Tasikmalaya,2017-01-21,sangat bersih. rapi. wifinya juga cepet. pelayan nya sopan. pokoknya the best la,,positif,positif,,,negatif,,,sangat bersih.,pelayan nya sopan.,,,wifinya juga cepet.,
14913,Traveloka,Hotel Santika Tasikmalaya,2016-07-09,hotel sahur prasmanan adalah menyenangkan! dan cinta keramahan. semua staf yang ramah kecuali staf meja depan. terima kasih,,,positif,,,,,,,semua staf yang ramah kecuali staf meja depan.,,,,
15026,Traveloka,Hotel Santika Tasikmalaya,2015-08-29,"lokasi strategis, sarapan enak, kamar luas. keluarga senang.",positif,,,positif,positif,,positif,"lokasi strategis, sarapan enak, kamar luas.",,,"lokasi strategis, sarapan enak, kamar luas.","lokasi strategis, sarapan enak, kamar luas.",,"lokasi strategis, sarapan enak, kamar luas."
