review_id,platform,hotel_name,text_review,text_review_original,date
170,Agoda,Hotel Santika Bandung,terima kasih to hotel santika bandung,Thanks to hotel Santika Bandung 👍,2023-03-23
352,Agoda,Hotel Santika Bandung,hotel ini relatif tenang meskipun terletak dekat jalan utama. walaupun sudah tua tapi sudah diperbaharui sehingga kamarnya bersih. spa bagus untuk perawatan pijat.,The hotel is relatively quiet despite being situated near major road. Although it's old it has been refurbished so the rooms are clean. Spa is good for massage treatments.,2013-07-22
380,Agoda,Hotel Santika Bandung,"nikmati masa menginap dengan staf yang membantu. telah ditingkatkan ke kamar suite. kondisi toilet perlu dilakukan renovasi karena sudah tua. secara keseluruhan, kamar hotel yang bagus dengan staf yang membantu dan ramah.",Enjoy the stay with helpful staff. Got upgraded to suite room. Toilet condition needed to do renovation as its already old. Overalls great hotel room with helpful and friendly staff.,2012-10-27
412,Agoda,Hotel Santika Bandung,seperti pada review saya di atas hotel yang bagus dan menyenangkan dengan staf yang sangat membantu tetapi kurang fasilitas hotel bintang empat. paling nyaman bagi mereka yang suka berbelanja di factory outlet jalan riau karena jaraknya dapat dicapai dengan berjalan kaki. ada juga pusat perbelanjaan dan supermarket di seberang jalan.,As in my above review a nice and pleasant hotel with very helpful staff but lack a four star hotel facilities. Most convenient for those who like to shop at Jalan Riau Factory Outlets as it is within walking distance. There are also Shopping Malls and SuperMarkets just across the streets.,2010-10-04
477,Agoda,Hotel Santika Bandung,limayan dengan harga segitu. baik kok,Limayan dengan harga segitu. Ok kok,2024-04-23
488,Agoda,Hotel Santika Bandung,bersih dan baik aja buat tinggal,bersih dan ok aja buat tinggal,2024-01-03
543,Agoda,Hotel Santika Bandung,"ini adalah hotel favorite di bandung yang pertama kali dicari, bila tidak tersedia baru setelah itu cari yang lain","Ini adalah hotel favorite di Bandung yang pertama kali dicari, bila tidak tersedia baru setelah itu cari yang lain",2017-07-10
863,Agoda,Hotel Santika Megacity Bekasi,pendingin di kamar tidak beraza sama skali. dari malem ks pagi keringetan pdahal sudah di setting seminimal mungkin.,Pendingin di kamar ga beraza sama skali.. dr malem ks pagi keringetan pdahal udah di setting seminimal mungkin..,2023-04-18
885,Agoda,Hotel Santika Megacity Bekasi,"untuk hotel dan restonya cukup memuaskan, hanya untuk akses keluar masuk wisatawan yang tidak membawa kendaraan harus dilerhatikan juga, karena akses keluarnya hanya lewat mall dan tidak bisa diakses dimalam hari","Untuk hotel dan restonya cukup memuaskan, hanya untuk akses keluar masuk wisatawan yg tidak membawa kendaraan harus dilerhatikan juga, karena akses keluarnya hanya lewat mall dan tidak bisa diakses dimalam hari",2025-04-07
1007,Agoda,Hotel Santika Megacity Bekasi,"lokasi strategis krena dekat dengan mall, sya dpat kamar yang agk mengecewakan. rak handuk d kamar mndinya rusak, bnyak yang kropos d dindingnya, staf d resto ada yang kurang ramah. makanannya kurang variatif, selebihnya baik!","Lokasi strategis krena dekat dengan mall, sya dpat kamar yg agk mengecewakan. Rak handuk d kamar mndinya rusak, bnyak yg kropos d dindingnya, staff d resto ada yg kurang ramah. Makanannya kurang variatif, selebihnya ok!",2019-09-22
1011,Agoda,Hotel Santika Megacity Bekasi,sangat berkesan karena bisa cepat pesan kamar dan murah melalui agoda,Sangat berkesan karena bisa cepat pesan kamar dan murah melalui agoda,
1036,Agoda,Hotel Santika Megacity Bekasi,harga kompetitif di bekasi,Harga kompetitif di Bekasi,
1108,Agoda,Hotel Santika Bogor,selalu puas dengan kebersihan keramahtamahan kompas gramedia group ini,Always satisfied with the cleanliness of this Kompas Gramedia Group hospitality,2026-05-04
1140,Agoda,Hotel Santika Bogor,"hotel nya bersih, lokasi top diatas mall.","Hotel nya bersih, lokasi top diatas mall.",2025-06-06
1347,Agoda,Hotel Santika Bogor,"tidak ada pengawasan di area kolam renang, staf tidak jujur ​​tentang ketersediaan kamar, tidak mengkomunikasikan hak istimewa, operator jarang mengangkat panggilan, lift sangat kecil. lobi dan area parkir sangat tidak nyaman.","No supervision on pool area , staff dishonest about room availibility, did not communicate priviledges, operator seldom picks up call, very small elevator. Lobby and Parking area very inconvenient.",2018-04-16
1374,Agoda,Hotel Santika Bogor,bersenang-senang menginap di sini,Had a wonderful time staying here,2015-11-24
1656,Agoda,Hotel Santika Bogor,melihat keluarga dan anak yang menyenangkan selama liburan di hotel santika bogor,Melihat Keluarga dan anak yang menyenangkan selama liburan di Hotel Santika Bogor,2025-08-25
1721,Agoda,Hotel Santika Bogor,bagus dekat dengan mall,Mantap dekat dengan Mall,2024-07-20
1731,Agoda,Hotel Santika Bogor,"service memuaskan, masakan enak, staf ramah dan baik","Service memuaskan, masakan enak, staf ramah dan baik",2024-04-16
1744,Agoda,Hotel Santika Bogor,"terbaik untuk kenyamanan, keamanan, lokasi yang sangat strategis dri transportasi umum serta pusat perbelanjaan.","Terbaik untuk kenyamanan ,keamanan,lokasi yg sangat strategis dri transportasi umum serta pusat perbelanjaan.",2024-02-26
1804,Agoda,Hotel Santika Bogor,variasi untuk makanan pagi nya sedikit,Variasi untuk makanan pagi nya sedikit,2022-01-08
1890,Agoda,Hotel Santika Bogor,sangat menyenangkan dan akan kembali lagi untuk liburan thn depan,Sangat menyenangkan dan akan kembali lg untuk liburan thn depan,2015-07-22
1936,Agoda,Hotel Santika Bogor,"kami menginap sayangnya hanya satu hari. anak2 senang bermain di kolam renang, dan jalan2 di mall malam hari","Kami menginap sayangnya hanya satu hari. Anak2 senang bermain di kolam renang, dan jalan2 di Mall malam hari",2013-10-27
2010,Agoda,Hotel Santika Bogor,"lokasi ya berada di dalam botani juction, memudahkan untuk mencari makan dan nerbelanja, dekat dengan pusat kota, lokasi sangat menyenangkan dan kamar sangat bersih dan besar.","Lokasi ya berada di dalam botani juction, memudahkan untuk mencari makan dan nerbelanja, dekat dengan pusat kota, lokasi sangat menyenangkan dan kamar sangat bersih dan besar.",2012-02-04
2089,Agoda,Hotel Santika Cirebon,"saya menginap di kamar superior di hotel santika cirebon untuk kedua kalinya karena hotel ini cukup nyaman untuk bermalam. kamar tidur dan kamar mandi cukup luas dan dilengkapi dengan fasilitas yang memadai. salah satu nilai tambah yang luar biasa dari hotel ini adalah pembersihan kendaraan gratis, yang merupakan sentuhan yang bagus. menu sahurnya cukup lengkap dan enak. stafnya ramah, dan proses check-in dan check-out cepat dan efisien. secara keseluruhan, menginap di hotel ini adalah pengalaman yang sangat menyenangkan.","I stayed in a Superior Room at Hotel Santika Cirebon for the second time because this hotel is quite comfortable for an overnight stay. The bedroom and bathroom are spacious enough and well-equipped with adequate amenities. One great added value of this hotel is the complimentary vehicle cleaning, which is a nice touch. The sahur menu was quite complete and delicious. The staff was friendly, and the check-in and check-out process was fast and efficient. Overall, staying at this hotel was a very pleasant experience.",2025-03-03
2237,Agoda,Hotel Santika Cirebon,"kamar yang nyaman bersih. namun furniturnya agak kumuh, diperlukan peningkatan / perbaikan. secara keseluruhan, kami menikmati masa menginap kami. direkomendasikan.","Comfy & clean room. But furniture a bit rundown, upgrade / refurbishing needed. Overall, we enjoyed our stay. Recommended.",2020-06-07
2361,Agoda,Hotel Santika Cirebon,tidak ada yang kurang dari luar biasa. saya datang ke tempat ini bersama istri dan bayi saya yang berumur 4 bulan. saya singgah di cirebon selama perjalanan ke semarang. saya mendapatkan istirahat yang sangat baik di cirebon dan saya sangat puas dengan pilihan saya menginap di hotel santika cirebon.,Nothing the less than excellent. I came to this place with my wife and my 4-months old baby. I was stopping in Cirebon during my road trip to Semarang. I have a very good rest in Cirebon and I really satisfied with my choice of staying at Santika Cirebon hotel.,2013-01-02
2677,Agoda,Hotel Santika Cirebon,lokasi yang strategis namun sayangnya disebelah hotel adalah gedung pemerintahan dan pada saat sarapan pagi di hari jumat terganggu dengan suara musik senam massal. namun menu makanan cukup baik dengan menu tradisional nasi yang dibungkus dengan daun jati.,Lokasi yang strategis namun sayangnya disebelah hotel adalah gedung pemerintahan dan pada saat sarapan pagi di hari Jumat terganggu dengan suara musik senam massal... namun menu makanan cukup oke dengan menu tradisional nasi yang dibungkus dengan daun jati....,2013-02-12
2678,Agoda,Hotel Santika Cirebon,"cukup bagus, variasi makanan paginya lumayan walaupun tidak banyak tapi televisi yang ada di kamar kecil sekali untuk harga yang lumayan mahal","Cukup bagus, variasi makanan paginya lumayan walaupun tidak banyak tapi TV yg ada di kamar kecil sekali untuk harga yang lumayan mahal",2013-02-03
2685,Agoda,Hotel Santika Cirebon,"kamar bagus, , kamar mandi luas, , view mengahadap ke swiming pool. bagus abis","Kamar bagus ,, kamar mandi luas ,, view mengahadap ke swiming pool ... keren abisss",2013-01-07
2803,Agoda,Hotel Santika Depok,"kami tinggal di sini dua malam. taksi sulit menemukan pintu masuk hotel. lokasinya strategis di sebelah pusat perbelanjaan kecil dan ada toko serba ada di dekatnya. tata letak ruangannya aneh. air conditioner di ruang tunggu tetapi tidak di kamar tidur, jadi kami merasa tidur di cuaca panas cukup sulit. air conditioner bermasalah dan bocor. sofa di ruang santai perlu diganti karena bernoda berat dan tidak nyaman untuk diduduki. kamar mandinya tidak sebersih yang kami inginkan, tapi baik. sarapannya enak dengan makanan lokal yang sangat kami nikmati","We stayed here two nights. Taxis found it hard to find the Hotel entrance. It's conveniently located next to a small shopping centre and there is a convenient store nearby. The room layout was weird. Aircon in the lounge but not in the bedroom, so we found sleeping in the heat quite hard. Aircon was struggling and was leaking. The couch in the lounge room needed replacing it was heavily stained and not comfortable to sit on. The bathroom was not as clean as we would have liked but okay. Breakfast spread was good with local food that we really enjoyed",2025-01-10
2862,Agoda,Hotel Santika Depok,"seperti yang saya katakan sebelumnya, salah satu hotel terbaik di kota depok. jangan pernah meragukannya.","As I said before, one of the best hotels in Depok city. Never doubt about it.",2024-02-09
3044,Agoda,Hotel Santika Depok,"bagaimanapun, sarapannya luar biasa. anda bisa menikmati hidangan dari seluruh indonesia yang berubah setiap harinya. stafnya baik dan menyenangkan. ini adalah kunjungan saya yang kedua. saya berencana untuk tinggal di sana lagi lain kali. sayangnya, ini terkait dengan handuk. itu buruk. mempertimbangkan harganya, saya rasa saya tidak punya pilihan selain berkompromi.",とにかく朝食が素晴らしい。インドネシア各地の料理が日替わりで楽しめます。スタッフが親切で感じが良い。２回目の滞在です。次回も滞在する予定。残念なのはタオル関係。貧相です。価格からすると妥協するしかないかな。,2015-02-13
3064,Agoda,Hotel Santika Depok,"lokasi dan layanan staf keduanya bagus. tapi bau kamar mandinya agak menyengat jadi saya tutup pintu kamar mandinya. meski kecil, kecoa juga muncul.","위치, 직원의 서비스 모두 좋다. 근데 화장실 냄새가 좀 심해서 화장실 문을 닫고 있었음. 작지만 바퀴벌레도 나옴",2024-04-21
3088,Agoda,Hotel Santika Depok,"staf baik sangat membantu dan yang jelas fasilitasnya bagus, makanan enak","Staff baik sangat membantu dan yang jelas fasilitasnya bagus, makanan enak",2025-10-07
3185,Agoda,Hotel Santika Depok,"hotel sekelas santika msh kurang dalam fasilitas kamar, pelayanan bagus, untuk breakfast enak","Hotel sekelas Santika msh kurang dlm fasilitas kamar, pelayanan bagus, utk breakfast enak",2021-08-28
3356,Agoda,Hotel Santika Tasikmalaya,"hotel yang bagus dengan kolam renang, makanan lezat","Nice Hotel with swimming Pool, delicious food",2024-12-12
3435,Agoda,Hotel Santika Tasikmalaya,pemeliharaan perlu banyak ditingkatkan.,maintenance needs to improve a lot.,2018-06-15
3636,Agoda,Hotel Santika Tasikmalaya,bagus kalau nginap di hotel santika via agoda,Mantap klo nginap di Hotel Santika via agoda,2025-04-18
3647,Agoda,Hotel Santika Tasikmalaya,nyaman untuk staycation keluarga,Nyaman untuk staycation keluarga,2024-08-25
3754,Agoda,Hotel Santika Tasikmalaya,"harga pas, lokasi bagus, kamar bersih dan luas","Harga pas, Lokasi bagus , kamar bersih dan Luas",2017-04-13
3882,Agoda,Hotel Santika Tasikmalaya,"proses check-in cukup baik, termasuk handling travel bag. petugas hotel cukup ramah. minus: - lift (kapasitas 1500kg) sangat lambat, dan sering muncul peringatan ""overload"" walaupun cuma berisi 4 orang dewasa. - bangunan yang relatif baru, masih sering tercium aroma cat.","Proses check-in cukup baik, termasuk handling travel bag. Petugas hotel cukup ramah. Minus: - lift (kapasitas 1500kg) sangat lambat, dan sering muncul peringatan ""overload"" walaupun cuma berisi 4 orang dewasa. - bangunan yg relatif baru, masih sering tercium aroma cat.",2012-04-17
3943,Tiket,Hotel Santika Bandung,staf nya baik semua. tambhin menu nya biar lebih byk pilihan. 2 malam disini. menyenangkan. cuma sapet kamar ujung. kalau malem seremm ajahh. krna lorkng kamar nya open space. bukan sprti hotel2 saat ini. old nya dapet. nyaman. anak2 suka kolam nya. kr a tidak langsung kena sina mataharilihat lebih sedikit,Staf nya baik semua.. tambhin menu nya biar lebih byk pilihan. 2 malam disini.. menyenangkan. Cm sapet kmr ujung.. klo malem seremm ajahh.. krna lorkng kmr nya open space.. bukan sprti hotel2 saat ini. Old nya dapet.. nyaman. Anak2 suka kolam nya. Kr a ga langsung kena sina matahariLihat lebih sedikit,2025-09-13
3985,Tiket,Hotel Santika Bandung,"kamarnya cozy, akses ke kota nya dekat sekali, pelayanannya excellent","Kamarnya cozy, akses ke kota nya dekat sekali, pelayanannya excellent",2025-02-11
4013,Tiket,Hotel Santika Bandung,"tempat dekat rs dan riau juction. pelayanan ramah dan bersahabat. kebersihan baik hotel terjangkau, pilihan terbaik.","Tempat dekat RS dan riau juction.. pelayanan ramah dan bersahabat.. kebersihan oke Hotel terjangkau, pilihan terbaik.",2024-11-18
4063,Tiket,Hotel Santika Bandung,sinyal handphone baik. hidangan gurih yang nikmat.,Sinyal handphone baik. Hidangan gurih yang nikmat.,2024-05-23
4105,Tiket,Hotel Santika Bandung,"hotel bersih, pelayanan ramah.","Hotel bersih, pelayanan ramah..",2024-02-16
4140,Tiket,Hotel Santika Bandung,hotel nya bagus deket kemanah2 hotel nya bersih makanan nya enak,hotel nya bagus deket kemanah2 hotel nya bersih makanan nya enak,2022-08-29
4297,Tiket,Hotel Santika Bandung,"hotelnya nyaman kamarnya luas, bersih, lokasinya baik ada diantara mall jadi kalau mau beli makan dll gampang, sarapannya enak, pilihannya banyak. terima kasih santika bandung","Hotelnya nyaman kamarnya luas , bersih , lokasinya oke ada diantara mall jadi kalo mau beli makan dll gampang, sarapannya enak , pilihannya banyak. Terima kasih Santika Bandung",2025-01-13
4330,Tiket,Hotel Santika Bandung,"area yang nyaman. harga fantastis, pengalaman tak terlupakan. ada pilihan restoran di dalam hotel. staf yang luar biasa.","Area yang nyaman. Harga fantastis, pengalaman tak terlupakan. Ada pilihan restoran di dalam hotel. Staf yang luar biasa.",2024-01-22
4470,Tiket,Hotel Santika Bandung,tempat tidur anak nyaman. fasilitas up-to-date. suasana tropis di tepi kolam. resepsionis yang ramah dan sigap. menyediakan layanan shuttle ke pusat kota. menyediakan layanan shuttle ke pusat kota.,Tempat tidur anak nyaman. Fasilitas up-to-date. Suasana tropis di tepi kolam. Resepsionis yang ramah dan sigap. Menyediakan layanan shuttle ke pusat kota. Menyediakan layanan shuttle ke pusat kota.,2024-03-16
4503,Tiket,Hotel Santika Bandung,"lokasinya baik, namun hotel sudah terlalu usang, makanannya tidak enak","lokasinya baik, namun hotel sudah terlalu usang, makanannya tidak enak",2022-06-11
4561,Tiket,Hotel Santika Megacity Bekasi,"kamarnya bagus sangat bersih, segar, dan nyaman. taman yang terawat baik. ekonomis namun eksklusif.","Kamarnya Bagus Very clean, fresh, and comfortable. Well-maintained gardens. Economical but exclusive.",2026-01-13
4631,Tiket,Hotel Santika Megacity Bekasi,staf ramah anak. fasilitas mewah. staf yang ramah anak dan tulus.,Child-friendly staff. Luxurious facilities. Child-friendly and sincere staff.,2025-07-08
4666,Tiket,Hotel Santika Megacity Bekasi,parkir dengan pencahayaan yang bagus. kebersihan tidak tertandingi.,Parking with good lighting. Cleanliness is unmatched.,2025-04-09
4788,Tiket,Hotel Santika Megacity Bekasi,"tipe kamar family nya asik. ada ruang tamu. kamar mandi luar. sayangnya agak sempit. tapi fasilitas baik. kamar bersih, sprei kasur juga bersih. breakfastnya standart.","Tipe kamar family nya asik. Ada ruang tamu. Kamar mandi luar. Sayangnya agak sempit. Tapi fasilitas oke. Kamar bersih, sprei kasur juga bersih. Breakfastnya standart.",2024-08-28
4827,Tiket,Hotel Santika Megacity Bekasi,ini mah sudah jelas bagus n ya,Ini mah udh jelas keren n ya,2024-07-14
4849,Tiket,Hotel Santika Megacity Bekasi,strategis dan di atas mall,Strategis dan di atas mall,2024-06-09
4871,Tiket,Hotel Santika Megacity Bekasi,lounge nyaman banget. pelayan yang responsif dan ahli di bidangnya.,Lounge nyaman banget. Pelayan yang responsif dan ahli di bidangnya.,2024-05-06
5203,Tiket,Hotel Santika Megacity Bekasi,"waktu cek in tidak bisa lebih maju 1 jam alasan kamar full itu aja yang disayangkan, so far bagus semua","Waktu cek in ga bisa lebih maju 1 jam alasan kamar full itu aja yg disayangkan , so far bagus semua",2019-10-28
5295,Tiket,Hotel Santika Megacity Bekasi,"penginapan budget. dulu hampir setipa bulan pasti sempetin staycation disini. tapi sedih karna menu pizzanya gaada, padahal itu beneran best seller banget menurut ku. kembalikan menu pizzanya yaa ehehe","Penginapan budget. Dulu hampir setipa bulan pasti sempetin staycation disini. Tp sedih karna menu pizzanya gaada, padahal itu beneran best seller bgt menurut ku. Kembalikan menu pizzanya yaa ehehe",2024-03-07
5377,Tiket,Hotel Santika Megacity Bekasi,"baik, nyaman, fasilitasnya lengkap","baik, nyaman, fasilitasnya lengkap",2021-04-20
5439,Tiket,Hotel Santika Megacity Bekasi,"sedikit masukan ajh untuk toilet kamar nya bau gituh, tapi untuk keseluruhan sudah baik banget. bersih dan layanannya juga bagus.","Sedikit masukan ajh utk Toilet kamar nya bau gituh, tapi untuk keseluruhan udh ok banget. Bersih dan layanannya jg bagus.",2021-01-03
5461,Tiket,Hotel Santika Megacity Bekasi,lumayan cuma dapat kamar yang tidak bisa lihat view luar. ketutup tembok,Lumayan cuma dapat kamar yg ga bisa lihat view luar. Ketutup tembok,2025-01-02
5466,Tiket,Hotel Santika Megacity Bekasi,kebersihan di seluruh area hotel.,Kebersihan di seluruh area hotel.,2024-10-03
5665,Tiket,Hotel Santika Bogor,"jadi satu dengan mall dan masjid dekat, bagus","Jadi satu dengan mall dan masjid dekat, mantap",2024-04-30
5734,Tiket,Hotel Santika Bogor,"suka bermalam di hotel santika bogor, tidak berisik. suasana hotel yang sangat menyenangkan dan pelayanan yang memuaskan dan petugas ramah"". jadi suka tidur di hotel ini. semua fasilitas baik banget deh. makanannyapun enak""lihat lebih sedikit","suka bermalam di hotel santika bogor , tidak berisik . suasana hotel yg sangat menyenangkan dan pelayanan yg memuaskan dan petugas ramah"".... jadi suka tidur di hotel ini. Semua fasilitas ok banget deh ..makanannyapun enak""Lihat lebih sedikit",2022-04-03
5837,Tiket,Hotel Santika Cirebon,menyajikan hidangan khas daerah. keamanan parkir terbaik. hemat biaya.,Menyajikan hidangan khas daerah. Keamanan parkir terbaik. Hemat biaya.,2025-11-19
6078,Tiket,Hotel Santika Cirebon,hotel yang pas buat keluarga kolam renang nya enak banget buat anak2. lokasinya pas tengah kota deket mall. recomended deh,Hotel yang pas buat keluarga kolam renang nya enak bgt buat anak2.lokasinya pas tengah kota deket mall..recomended deh,2018-12-26
6671,Traveloka,Hotel Santika Bandung,"jika anda mau pesan kamar pastikan contoh gambar kamarnya. kalau anda hanya lihat di profil bisa kecewa, kecewa dan kecewa. tidak sesuai yang kita mau. setelah check-in baru tahu deh. dalamnya ternyata","Jika anda mau pesan kamar pastikan contoh gambar kamarnya. Kalau anda hanya lihat di profil bisa kecewa, kecewa dan kecewa. Gak sesuai yang kita mau. setelah check-in baru tahu deh. Dalamnya ternyata 😅😅😅😅😨😨😨",2019-03-02
6881,Traveloka,Hotel Santika Bandung,"officernya ramah, makanannya selalu enak","Officernya ramah, makanannya selalu enak",2017-11-18
7140,Traveloka,Hotel Santika Bandung,"lokasi strategis, menu breakfast cukup variasi, kamar nyaman and petugas ramah. sepadan dengan harganya. sayangnya wi-fi tidak berfungsi baik.","Lokasi strategis, menu breakfast cukup variasi, kamar nyaman and petugas ramah. Sepadan dengan harganya. Sayangnya Wi-Fi tidak berfungsi baik.",2017-01-21
7177,Traveloka,Hotel Santika Bandung,"hotel bagus, pelayanan memuaskan, sarapan enak. anak2 puas berenang, dan mobil dicuci. sangat berkesan","Hotel bagus, pelayanan memuaskan, sarapan enak. Anak2 puas berenang, dan mobil dicuci..sangat berkesan",2016-12-24
7198,Traveloka,Hotel Santika Bandung,lokasi strategis di tengah kota bandung,Lokasi strategis di tengah kota Bandung,2016-10-22
7321,Traveloka,Hotel Santika Bandung,"kecuali makanannya, semua baik dan bagus","Kecuali makanannya, semua ok dan bagus",2016-05-14
7415,Traveloka,Hotel Santika Bandung,"secara keseluruhan, pengalaman menginap cukup baik. namun, hotel ini sudah tua dan perlu direnovasi. keunggulan hotel ini adalah lokasinya yang strategis, dengan supermarket dan restoran tepat di depannya.","Secara keseluruhan, pengalaman menginap cukup baik. Namun, hotel ini sudah tua dan perlu direnovasi. Keunggulan hotel ini adalah lokasinya yang strategis, dengan supermarket dan restoran tepat di depannya.",2015-12-12
7508,Traveloka,Hotel Santika Bandung,ramah simpel dekat kemana mana,Ramah simpel Dekat kemana mana,2015-07-18
7690,Traveloka,Hotel Santika Bogor,"sudah beberapa kali menginap di santika hotel bogor. sejauh ini kemudahan akses saat cek in dengan pelayanan staf yang ramah, serta koneksi ke mal untuk pemenuhan keperluan dan kebutuhan selama menginap. keramahan staf dan berkomunikasi dengan baik. semoga bisa terus dipertahankan dan ditingkatkan. terima kasih atas pelayanan yang baik ini.","Sudah beberapa kali menginap di Santika Hotel Bogor. Sejauh ini kemudahan akses saat cek in dengan pelayanan staff yang ramah, serta koneksi ke mal untuk pemenuhan keperluan dan kebutuhan selama menginap. Keramahan staff dan berkomunikasi dengan baik. Semoga bisa terus dipertahankan dan ditingkatkan. Terima kasih atas pelayanan yang baik ini.",2025-07-26
7761,Traveloka,Hotel Santika Bogor,"semua orang ramah. kamarnya juga luas. dekat ke mana-mana. sangat mudah untuk pergi ke mal. meskipun kami menunggu cukup lama untuk check in, mereka berusaha memberi kami satu kamar untuk beristirahat.","Semua orang ramah. Kamarnya juga luas. Dekat ke mana-mana. Sangat mudah untuk pergi ke mal. Meskipun kami menunggu cukup lama untuk check in, mereka berusaha memberi kami satu kamar untuk beristirahat.",2025-01-04
7792,Traveloka,Hotel Santika Bogor,"di ruangan kamar, berasa banyak debu, ngeres, badan saya gatel-gatel setiap bangun tidur, tapi so far baik yang lain. tingkatkan ya!","Di ruangan kamar, berasa banyak debu, ngeres, badan saya gatel-gatel setiap bangun tidur, tp so far oke yang lain. Tingkatkan ya!",2024-07-13
7874,Traveloka,Hotel Santika Bogor,"semuanya ramah dan sangat membantu. buat yang akan menginap ke sini langsung aja masuk parkiran botani (depan convention hall). free parkir dengan stempel hotel. lokasi strategis, ke mall bisa punya akses langsung lewat lantai basement. bagi orang jakarta yang ingin pulang, bisa langsung akses toll jagorawi saat keluar parkir. makanan lumayan variatif, tersedia kolam renang buat anak. pagi-pagi bisa olahraga keliling kebun raya bogor.","Semuanya ramah dan sangat membantu. Buat yang akan menginap ke sini langsung aja masuk parkiran Botani (depan convention hall). Free parkir dengan stempel hotel. Lokasi strategis, ke mall bisa punya akses langsung lewat lantai basement. Bagi orang Jakarta yang ingin pulang, bisa langsung akses toll Jagorawi saat keluar parkir. Makanan lumayan variatif, tersedia kolam renang buat anak. Pagi-pagi bisa olahraga keliling Kebun Raya Bogor.",2023-07-22
7970,Traveloka,Hotel Santika Bogor,"alhamdulillah staffnya ramah, kalau ada kesempatan staycation lagi saya akan kesini lagi. makanan enak sangat bervariasi.","Alhamdulillah staffnya ramah, kalau ada kesempatan staycation lagi saya akan kesini lagi. Makanan enak sangat bervariasi.",2022-10-15
8006,Traveloka,Hotel Santika Bogor,secara keseluruhan seperti biasa memenuhi ekspektasi. mungkin sedikit masukan untuk tayangan televisinya di review kembali karena pas di kamar saya kok tampilannya tidak jernih dan sepertinya tidak ada televisi kabel.,Secara keseluruhan seperti biasa memenuhi ekspektasi. Mungkin sedikit masukan untuk tayangan televisinya di review kembali karena pas di kamar saya kok tampilannya gak jernih dan sepertinya gak ada tv kabel.,2022-06-04
8019,Traveloka,Hotel Santika Bogor,"pelayanannya sangat baik, lokasi nyambung sama mall botani square, sarapan enak dan banyak macam nya dan kebersihannya terjamin.","Pelayanannya sangat baik, lokasi nyambung sama mall botani square, sarapan enak dan banyak macam nya Dan kebersihannya terjamin 👍.",2022-05-14
8029,Traveloka,Hotel Santika Bogor,hotel yang lengkap dengan fasilitas dekat dengan mall jadi tidak perlu kemana-mana lagi untuk cari makan n hiburan untuk anak.,Hotel yang lengkap dengan fasilitas dekat dengan mall jadi ga perlu kemana-mana lagi untuk cari makan n hiburan untuk anak.,2022-03-26
8210,Traveloka,Hotel Santika Bogor,"check-in sangat cepat, untuk roomnya sendiri kamarnya cukup luas tapi sayang sekali sprei dan sarung bantalnya banyak bercak-bercak entah bekas kopi atau bekas nyaman darah. untuk kamar mandi lampunya kurang terang agak remang-remang gitu dan agak berbau.","check-in sangat cepat, Untuk roomnya sendiri kamarnya cukup luas tapi sayang sekali sprei dan sarung bantalnya banyak bercak-bercak entah bekas kopi atau bekas nyaman darah. Untuk kamar mandi lampunya kurang terang agak remang-remang gitu dan agak berbau.",2020-10-17
8240,Traveloka,Hotel Santika Bogor,sarapan yang lebih baik diantarkan ke kamar,Sarapan yang lebih baik diantarkan ke kamar,2020-08-08
8255,Traveloka,Hotel Santika Bogor,"hotelnya bersih, dekat dengan mal, jadi mau makan dan belanja gampang, pelayanannya ramah dan membantu, breakfast enak dan bervariasi, ada jamu juga, best pokoknya.","Hotelnya bersih, dekat dengan mal, jadi mau makan dan belanja gampang, pelayanannya ramah dan membantu, breakfast enak dan bervariasi, Ada jamu juga, best pokoknya.",2020-04-04
8292,Traveloka,Hotel Santika Bogor,sangat meyenangkan dekat mall botani di pusat kota bogor dekat damri ke bandara dekat terminal baranag siang pokoknya sangat strategis lokasinya.,sangat meyenangkan dekat mall botani di pusat kota bogor dekat damri ke bandara dekat terminal baranag siang pokoknya sangat strategis lokasinya.,2020-01-18
8331,Traveloka,Hotel Santika Bogor,"ramah, dekat kemana saja, sarapannya pun enak-enak.","Ramah, dekat kemana saja, sarapannya pun enak-enak.",2019-10-19
8998,Traveloka,Hotel Santika Bogor,tempat yang bagus dan pelayanan yang baik,Tempat yang bagus dan pelayanan yang baik,2016-03-05
9016,Traveloka,Hotel Santika Bogor,"tempat bersih dan nyaman, view bagus dan berada di pusat kota","Tempat bersih dan nyaman, view bagus dan berada di Pusat Kota",2016-01-30
9122,Traveloka,Hotel Santika Bogor,suasana dan pelayanan yang baik,Suasana dan pelayanan yang baik,2015-07-04
9265,Traveloka,Hotel Santika Cirebon,selalu nginap di sini karena kolam renang dan akses nya,selalu nginap di sini karena kolam renang dan akses nya,2025-02-22
9280,Traveloka,Hotel Santika Cirebon,satu-satunya masalah adalah nyamuk. tapi selain itu baik,satu-satunya masalah adalah nyamuk. tapi selain itu oke,2024-10-19
9361,Traveloka,Hotel Santika Cirebon,"santika adalah hotel tua tetapi masih dikelola dengan baik. bersih, hangat, nyaman dan semua staf sangat membantu. kamar besar dan nyaman, makanan enak, parkir luas, ada kolam renang dan anak-anak saya senang bermain di kolam renang. akan memilih lagi ketika kita pergi ke cirebon lagi.","Santika adalah hotel tua tetapi masih dikelola dengan baik. Bersih, hangat, nyaman dan semua staf sangat membantu. Kamar besar dan nyaman, makanan enak, parkir luas, ada kolam renang dan anak-anak saya senang bermain di kolam renang. Akan memilih lagi ketika kita pergi ke cirebon lagi.",2023-01-14
9407,Traveloka,Hotel Santika Cirebon,breakfast nya dilayani tapi pelayannya kurang sigap. juga kurang komplit.,Breakfast nya dilayani tapi pelayannya kurang sigap. Juga kurang komplit.,2022-02-12
9431,Traveloka,Hotel Santika Cirebon,"ini pertama kalinya nginep di sini, proses check in cepat, kamar bagus bersih, air conditioner dingin, televisi banyak channel dan lengkap isinya. sarapan enak-enak dan menjaga prokes. kolam renang menyenangkan buat anak-anak dan berair hangat. fasilitas hotel bagus, parkiran luas dan setiap pagi mobil kita dicuci bersih. minusnya cuma 1: wi-fi di dalam kamar buruk (414), tapi kalau ke depan lorong bagus signalnya. kapan-kapan mau kesini lagi, tentunya kalau dapat harga promo.","Ini pertama kalinya nginep di sini, proses check in cepat, kamar bagus bersih, AC dingin, TV banyak channel dan lengkap isinya. Sarapan enak-enak dan menjaga prokes. Kolam renang menyenangkan buat anak-anak dan berair hangat. Fasilitas hotel bagus, parkiran luas dan setiap pagi mobil kita dicuci bersih. Minusnya cuma 1: wifi di dalam kamar jelek (414), tp kalo ke depan lorong bagus signalnya. Kapan-kapan mau kesini lagi, tentunya kalo dapat harga promo.",2021-11-20
9546,Traveloka,Hotel Santika Cirebon,"pertama kali ke sini tahun 2009. lalu saat natal 2019 kemarin kamai pun kembali menginap di sini. interiornya tidak berubah, masih sama seperti 10 tahun lalu, kamar rapi dan bersih, yang agak susah kuncinya, karena kuncinya masih semi-manual, tidak seperti kunci zaman sekarang yang tinggal tap kartu saja. pelayanannya juga masih baik. dan karena datangnya saat liburan natal, kami dapat compliment berupa cookies ginger bread man, definitely will come here again.","Pertama kali ke sini tahun 2009. Lalu saat natal 2019 kemarin kamai pun kembali menginap di sini. interiornya tidak berubah, masih sama seperti 10 tahun lalu, kamar rapi dan bersih, Yang agak susah kuncinya, karena kuncinya masih semi-manual, tidak seperti kunci zaman sekarang yang tinggal tap kartu saja. pelayanannya juga masih oke. Dan karena datangnya saat liburan natal, kami dapat compliment berupa cookies ginger bread man, definitely will come here again.",2020-01-18
9705,Traveloka,Hotel Santika Cirebon,"kamar bersih, nyaman, pelayanan ramah, hanya 1 yang kurang tidak ada televisi cable kartun untuk anak-anak","Kamar bersih, nyaman, pelayanan ramah, hanya 1 yg kurang tidak ada tv cable kartun untuk anak-anak",2018-06-16
9712,Traveloka,Hotel Santika Cirebon,"hotelnya walaupun lama tapi sangat terawat, mulai dari pintu masuk, securitynya ramah sekali sampai lobby, welcome drink langsung tersedia. semua pegawainya ramah dan membantu, kamarnya bersih, cukup tenang, enak banget buat istirahat, kolam renangnya juga bersih, aman buat anak-anak, kaporitnya juga tidak terlalu menyengat. makanannya enak, apalagi paket barbeque malamnya bagus banget, harganya juga terjangkau. satu lagi, pas mau check-out masukin barang ke mobil, ternyata mobil sudah dicuciin. overall, bagus banget nih hotel. terima kasih management hotel santika, terimakasih traveloka.","Hotelnya walaupun lama tapi sangat terawat, mulai dari pintu masuk, securitynya ramah sekali sampai lobby, welcome drink langsung tersedia. Semua pegawainya ramah dan helpful, kamarnya bersih, cukup tenang, enak banget buat istirahat, kolam renangnya juga bersih, aman buat anak-anak, kaporitnya juga tidak terlalu menyengat. Makanannya enak, apalagi paket barbeque malamnya keren banget, harganya juga terjangkau. Satu lagi, pas mau check-out masukin barang ke mobil, ternyata mobil sudah dicuciin. Overall, keren banget nih hotel. Terima kasih management Hotel Santika, terimakasih Traveloka.",2018-05-19
9856,Traveloka,Hotel Santika Cirebon,"pelayanan khas santika, namun kondisi hotel yang sudah tua sehingga banyak hal yang kurang optimal. dan perlu diperbaharui.","pelayanan khas Santika, namun kondisi hotel yang sudah tua sehingga banyak hal yang kurang optimal .. dan perlu diperbaharui....",2017-07-15
9892,Traveloka,Hotel Santika Cirebon,"sangat memuaskan pelayanannya, kebersihan, kenyamanan dan makannya.","Sangat memuaskan pelayanannya, kebersihan, kenyamanan dan makannya.",2017-06-03
9968,Traveloka,Hotel Santika Cirebon,"saya pesan 2 kamar yang executive dan suite, yang kamar executive sempat masuk air dari jendela karena hujan tapi cepat diatasi setelah kami telepon room service, kamarnya yang suite bagus dan luas, cuma closet dan bathtubnya sudah lama tidak diganti warnanya kusam, hairdryernya juga copot pas mau digunakan, wifinya kenceng, sarapannya variatif, kolam renangnya luas, tapi sayang petugas penjaga kolam renangnya seperti kurang bersahabat, overall bagus.","Saya pesan 2 kamar yang executive dan suite, yang kamar executive sempat masuk air dari jendela karena hujan tapi cepat diatasi setelah kami telepon room service, kamarnya yang suite bagus dan luas, cuma closet dan bathtubnya sudah lama tidak diganti warnanya kusam, hairdryernya juga copot pas mau digunakan, wifinya kenceng, sarapannya variatif, kolam renangnya luas, tapi sayang petugas penjaga kolam renangnya seperti kurang bersahabat, overall bagus.",2017-03-04
10053,Traveloka,Hotel Santika Cirebon,cukup baik dan tidak mengecewakan,Cukup baik dan tidak mengecewakan,2016-08-13
10163,Traveloka,Hotel Santika Cirebon,sangat bagus dengan harga yang wajar. dengan dekorasi etnik dan unik.,Sangat bagus dengan harga yang wajar. Dengan dekorasi etnik dan unik.,2015-12-05
10309,Traveloka,Hotel Santika Depok,"secara keseluruhan baik, hanya tidak ada wi-fi (tergantung ketersediaan kamar), televisi masih lcd jadul bukan internet televisi (tergantung ketersediaan kamar), sama tidak ada hairdryer kebersihan baik, keramahan staf baik, sarapan enak dan sangat variatif","Secara keseluruhan baik, hanya tidak ada wifi (tergantung ketersediaan kamar), tv masih lcd jadul bukan internet tv (tergantung ketersediaan kamar), sama tidak ada hairdryer
Kebersihan baik, keramahan staf baik, sarapan enak dan sangat variatif",2025-12-06
10375,Traveloka,Hotel Santika Depok,hotel terfavorit kalau lagi dinas ke depok,Hotel terfavorit kalo lagi dinas ke Depok,2025-02-15
10669,Traveloka,Hotel Santika Depok,"kamar agak terlalu kecil dari foto. tapi, bersenang-senang tinggal!","Kamar agak terlalu kecil dari foto. Tapi, bersenang-senang tinggal!",2020-10-24
10837,Traveloka,Hotel Santika Depok,"senang sekali menginap di hotel santika depok, pelayanan sangat ramah, kamar sangat nyaman, rapi dan bersih, dan breakfast menunya sangat enak dan memuaskan.","Senang sekali menginap di Hotel Santika Depok, pelayanan sangat ramah, kamar sangat nyaman, rapi dan bersih, dan breakfast menunya sangat enak dan memuaskan.",2019-04-13
11045,Traveloka,Hotel Santika Depok,overall sangat puas dengan pelayanan.,Overall sangat puas dengan pelayanan.,2018-08-25
11093,Traveloka,Hotel Santika Depok,layanan hebat dan sarapan enak.,Layanan hebat dan sarapan enak.,2018-06-30
11096,Traveloka,Hotel Santika Depok,"kamarnya bersih, nyaman, dan makanannya enak.","Kamarnya bersih, nyaman, dan makanannya enak.",2018-06-23
11125,Traveloka,Hotel Santika Depok,kenyamanan saat istirahat/tidur kurang karena terdengar suara yang berisik seperti suara mesin/pompa air) mungkin karena dapat kamar dekat area pompa/mesin.,Kenyamanan saat istirahat/tidur kurang karena terdengar suara yang berisik seperti suara mesin/pompa air) mungkin karena dapat kamar dekat area pompa/mesin.,2018-04-21
11201,Traveloka,Hotel Santika Depok,kamarnya kecil type deluxe breakfast baik menunya kamar mandi agak bau selebihnya baik.,Kamarnya kecil type deluxe breakfast ok menunya kamar mandi agak bau selebihnya ok.,2017-12-23
11227,Traveloka,Hotel Santika Depok,"kalau booked via online booking harus isi special request. saya hampir dikasih smoking room, untungnya tidak jadi.","Kalau booked via online booking harus isi special request. Saya hampir dikasih smoking room, untungnya tidak jadi.",2017-11-25
11335,Traveloka,Hotel Santika Depok,"bagus, sipp, bagus, tingkatkan terus","Good, sipp, keren, tingkatkan terus",2017-07-15
11482,Traveloka,Hotel Santika Depok,"besar dan bersih, membuat saya merasa seperti di kamar saya sendiri","Besar dan bersih, membuat saya merasa seperti di kamar saya sendiri",2017-01-28
11596,Traveloka,Hotel Santika Depok,sudah baik tapi belum terlalu sesuai dengan tarif,Sudah oke tapi belum terlalu sesuai dengan tarif,2016-08-27
11710,Traveloka,Hotel Santika Depok,"kebersihan baik, kamarnya small, perlengkapan body masih kurang, cukur, bodylotion tidak ada, akses internet tidak normal, dengan tarif kamar yang ada harusnya sudah lengkap.","Kebersihan ok, kamarnya small, perlengkapan body masih kurang, cukur, bodylotion tidak ada, akses internet tidak normal, dengan tarif kamar yang ada harusnya sudah lengkap.",2016-05-07
11954,Traveloka,Hotel Santika Depok,pelayanan yang bagus dan lokasi yang bagus,Pelayanan yang bagus dan lokasi yang bagus,2015-10-24
12009,Traveloka,Hotel Santika Depok,banyak semut berjalan di teko listriknya. mungkin ada sisa gula atau minuman manis.,Banyak semut berjalan di teko listriknya. mungkin ada sisa gula atau minuman manis.,2015-08-22
12010,Traveloka,Hotel Santika Depok,walau semalam. ok semua. sedikit terganggu dengan adanya semut kecil keluar dari besek makan.,Walau semalam..ok semua. Sedikit terganggu dengan adanya semut kecil keluar dari besek makan.,2015-08-15
12138,Traveloka,Hotel Santika Depok,"bagus service, banget lah pokoknya, pelayanan memuaskan, roomnya juga","Good service, banget lah pokoknya, pelayanan memuaskan, roomnya juga",2015-03-07
12148,Traveloka,Hotel Santika Depok,"kamarnya kecil, check-in baru bisa jam 2 siang jadi harus nunggu lama. tapi pelayanannya bagus, stafnya sangat ramah. bahkan barang saya yang sudah tertinggal lebih dari 1 minggu masih dapat diambil dan tidak hilang. tetapi harus call dulu untuk dicarikan. breakfastnya enak, beragam, dan jam 6 pagi sudah ready.","Kamarnya kecil, check-in baru bisa jam 2 siang jadi harus nunggu lama. tapi pelayanannya bagus, stafnya sangat ramah. bahkan barang saya yang sudah tertinggal lebih dari 1 minggu masih dapat diambil dan tidak hilang. tetapi harus call dulu untuk dicarikan. breakfastnya enak, beragam, dan jam 6 pagi sudah ready.",2015-01-31
12197,Traveloka,Hotel Santika Megacity Bekasi,"security hotel sangat baik dan ramah, petugas hotel juga sangat baik dan ramah, ada 1 sih yang agak jutek. tp untung yang lain baik2. makanan2nya enak, ada kids corner tapi lebih baik lagi jika diberi pagar sedikit. terima kasih santika","security hotel sangat baik dan ramah,petugas hotel juga sangat baik dan ramah,ada 1 sih yg agak jutek.tp untung yg lain baik2.. makanan2nya enak,ada kids corner tp lebih baik lg jika diberi pagar sedikit.terima kasih santika",2025-12-06
12361,Traveloka,Hotel Santika Megacity Bekasi,"lokasi bagus, tapi pintu kamar mandi di room saya rusak.","Lokasi bagus, tapi pintu kamar mandi di room saya rusak.",2023-03-25
12401,Traveloka,Hotel Santika Megacity Bekasi,"sudah jam check in, tapi room nya belum ready. perlengkapan di kamar mandi, sudah tidak layak.","Sudah jam check in, tapi room nya belum ready. Perlengkapan di kamar mandi, sudah tidak layak.",2022-07-30
12405,Traveloka,Hotel Santika Megacity Bekasi,tempatnya baik. sepi tidak berisik dengan suasana jalanan + langsung terkoneksi dengan pusat perbelanjaan. kolam renang baik buat anak-anak. varian sarapan juga banyak enak.,Tempatnya oke. Sepi ga berisik dengan suasana jalanan + langsung terkoneksi dengan pusat perbelanjaan. Kolam renang oke buat anak-anak. Varian sarapan juga banyak & enak.,2022-07-23
12484,Traveloka,Hotel Santika Megacity Bekasi,"kamar bersih, receptionist ramah, tapi kalau mau gofood agak susah karena hotelnya di atas mall, menu breakfast kurang banyak.","Kamar bersih, receptionist ramah, tapi kalau mau gofood agak susah karena hotelnya di atas Mall, menu breakfast kurang banyak.",2021-06-26
12551,Traveloka,Hotel Santika Megacity Bekasi,"akses yang sulit, mereka harus memastikan, customer tidak mendapatkan akses yang sulit untuk datang","Akses yang sulit, mereka harus memastikan, customer tidak mendapatkan akses yang sulit untuk datang",2020-12-05
12581,Traveloka,Hotel Santika Megacity Bekasi,"saya suka sarapannya, enak!","Saya suka sarapannya, enak!",2020-07-18
12665,Traveloka,Hotel Santika Megacity Bekasi,"air panas di kamar mandi tidak berfungsi, sudah dibayar dan memesan untuk perpanjangan check out tetapi masih mengetuk oleh layanan kamar karena kurangnya koordinasi dengan staf kantor depan. jika tidak, makanannya enak, ada begitu banyak pilihan menu dari sarapan. bukan layanan khas santika tapi mungkin bisa lebih baik di masa depan.","Air panas di kamar mandi tidak berfungsi, sudah dibayar dan memesan untuk perpanjangan check out tetapi masih mengetuk oleh layanan kamar karena kurangnya koordinasi dengan staf kantor depan. Jika tidak, makanannya enak, ada begitu banyak pilihan menu dari sarapan. Bukan layanan khas Santika tapi mungkin bisa lebih baik di masa depan.",2019-12-14
12672,Traveloka,Hotel Santika Megacity Bekasi,"petugas resepsionis tidak memberikan informasi detail kepada pelanggan, dia tidak tersenyum dan makanannya tidak enak","Petugas resepsionis tidak memberikan informasi detail kepada pelanggan, dia tidak tersenyum dan makanannya tidak enak",2019-12-07
12801,Traveloka,Hotel Santika Megacity Bekasi,bagus makanan sedap tempat strategis.,Mantul makanan sedap tempat strategis.,2019-06-15
13294,Traveloka,Hotel Santika Megacity Bekasi,"waktu kita check-out. resepsionis lama responnya dan judes. padahal hanya ada 1 pengunjung yang di layani saat itu, dan tidak ramah dan senyum sama sekali, namanya laurnya enak","Waktu kita check-out... resepsionis lama responnya dan judes... padahal hanya ada 1 pengunjung yang di layani saat itu, dan tidak ramah dan senyum sama sekali, namanya laurnya enak",2018-05-19
13406,Traveloka,Hotel Santika Megacity Bekasi,"mulai dari pelayanan, tempat, dan makanan semua enak nyaman.","Mulai dari pelayanan, tempat, dan makanan semua enak nyaman.",2018-01-13
13741,Traveloka,Hotel Santika Megacity Bekasi,akses menuju hotel dari mall kalau malam sedikit membingungkan. selebihnya baik,akses menuju hotel dari mall kalau malam sedikit membingungkan....selebihnya OK,2017-04-29
13863,Traveloka,Hotel Santika Megacity Bekasi,"sangat memuaskan, lift dari mall ke hotel rada lama.","Sangat memuaskan, lift dari mall ke hotel rada lama.",2017-02-04
13873,Traveloka,Hotel Santika Megacity Bekasi,ada guest relation yang datang ke kamar untuk nawarin koran. tapi caranya yang main ketuk pintu terus langsung buka pintu itu tidak sopan banget ya.,Ada Guest Relation yang datang ke kamar untuk nawarin koran. Tapi caranya yang main ketuk pintu terus langsung BUKA PINTU itu tidak sopan banget ya.,2017-01-28
13886,Traveloka,Hotel Santika Megacity Bekasi,"lantainya berdebu, bedding setnya pemilihannya bahannya yang kasar. ketika order room service, pesanannya lama sekali datangnya. kemudian kembali order room service di jam 11 pm, line room service tidak diangkat, operator juga tidak di angkat (room service 24 hr)","Lantainya berdebu, bedding setnya pemilihannya bahannya yang kasar. Ketika order room service, pesanannya lama sekali datangnya. Kemudian kembali order room service di jam 11 pm, line room service tidak diangkat, operator juga tidak di angkat (room service 24 hr)",2017-01-07
13894,Traveloka,Hotel Santika Megacity Bekasi,"kamar bau, tidak wangi. kamar mandi kuranh bersih. makanan sih enak ko","Kamar bau , tidak wangi.. kamar mandi kuranh bersih. Makanan sih enak ko",2016-12-31
13918,Traveloka,Hotel Santika Megacity Bekasi,"enak dan nyaman, lokasinya strategis","Enak dan nyaman, lokasinya strategis",2016-12-03
14137,Traveloka,Hotel Santika Tasikmalaya,"kami selalu menginap di hotel ini setiap kali kami bepergian ke tasikmalaya, baik untuk perjalanan keluarga maupun bisnis. stafnya ramah, makanannya enak, dan mereka menyajikan menu tradisional yang tidak akan anda temukan di tempat lain. kamar bersih dan bernilai uang. kolam renang yang bagus, meskipun saya tidak pernah memiliki kesempatan untuk mencoba gym. hotel ini terletak di sekitar restoran dan makanan jalanan, membuat hidup saya lebih mudah.","Kami selalu menginap di hotel ini setiap kali kami bepergian ke Tasikmalaya, baik untuk perjalanan keluarga maupun bisnis. Stafnya ramah, makanannya enak, dan mereka menyajikan menu tradisional yang tidak akan Anda temukan di tempat lain. Kamar bersih dan bernilai uang. Kolam renang yang bagus, meskipun saya tidak pernah memiliki kesempatan untuk mencoba gym. Hotel ini terletak di sekitar restoran dan makanan jalanan, membuat hidup saya lebih mudah.",2023-02-18
14511,Traveloka,Hotel Santika Tasikmalaya,"menu sarapan komplet, kamar mandi perlu retouch sedikit dan handuk prefer lebih tebal lagi. saya request smoking room, tapi tidak ada asbak. apa harus request ya?","Menu sarapan komplet, kamar mandi perlu retouch sedikit dan handuk prefer lebih tebal lagi. saya request smoking room, tapi tidak ada asbak. Apa harus request ya?",2018-09-22
14573,Traveloka,Hotel Santika Tasikmalaya,"lokasi hotel strategis, dekat dengan kuliner dan tempat bordir khas tasik","Lokasi hotel strategis, dekat dengan kuliner dan tempat bordir khas tasik",2018-06-02
14806,Traveloka,Hotel Santika Tasikmalaya,"pelayanan ramah, hotel yang bersih, sarapan yang variatif dan tempat yang strategis di tengah kota. pokoknya recommended hotel deh.","Pelayanan Ramah, hotel yang bersih, sarapan yang variatif dan tempat yang strategis di tengah kota. Pokoknya recommended hotel deh.",2017-02-25
14845,Traveloka,Hotel Santika Tasikmalaya,sangat bersih. rapi. wifinya juga cepet. pelayan nya sopan. pokoknya the best la,Sangat bersih. Rapi. Wifinya juga cepet. Pelayan nya sopan. Pokoknya the best la,2017-01-21
14913,Traveloka,Hotel Santika Tasikmalaya,hotel sahur prasmanan adalah menyenangkan! dan cinta keramahan. semua staf yang ramah kecuali staf meja depan. terima kasih,Hotel sahur prasmanan adalah menyenangkan! Dan cinta keramahan. Semua staf yang ramah kecuali staf meja depan. Terima kasih,2016-07-09
15026,Traveloka,Hotel Santika Tasikmalaya,"lokasi strategis, sarapan enak, kamar luas. keluarga senang.","Lokasi strategis, sarapan enak, kamar luas. Keluarga senang.",2015-08-29
